[GRIDEX-REM-002 replay] preflight: 59 foundation inputs, 9 substitutions, 3 noncanonical exclusions, 20 interleaved artifacts, 849 canonical timestamped files
[GRIDEX-REM-002 replay] provisioning Supabase-compatible surface on the external database
[GRIDEX-REM-002 replay] applying /tmp/tmp.GTT6ru7Hzb/01_db1_schema_repair_core_helpers_and_canonical_tables.sql
[GRIDEX-REM-002 replay] applying /tmp/tmp.GTT6ru7Hzb/02_db1_operations_ediel_billing_dedupe_and_storage.sql
[GRIDEX-REM-002 replay] applying /tmp/tmp.GTT6ru7Hzb/03_db1_backfill_functions_rls_reports_and_finish.sql
[GRIDEX-REM-002 replay] applying supabase/bootstrap/20260519_user_profiles_foundation.sql
[GRIDEX-REM-002 replay] applying supabase/bootstrap/20260519_companies_primary_contact_email_foundation.sql
[GRIDEX-REM-002 replay] applying supabase/bootstrap/20260519_companies_governance_foundation.sql
[GRIDEX-REM-002 replay] applying supabase/bootstrap/20260519_contract_offer_versions_foundation.sql
[GRIDEX-REM-002 replay] applying supabase/bootstrap/20260519_contract_offers_lifecycle_foundation.sql
[GRIDEX-REM-002 replay] applying supabase/bootstrap/20260520_metering_permissions_foundation.sql
[GRIDEX-REM-002 replay] applying supabase/bootstrap/20260520_pricing_component_rules_foundation.sql
[GRIDEX-REM-002 replay] applying supabase/bootstrap/20260520_companies_support_email_foundation.sql
[GRIDEX-REM-002 replay] applying supabase/bootstrap/20260520_onboarding_billing_auxiliary_foundation.sql
[GRIDEX-REM-002 replay] applying supabase/bootstrap/20260520_customer_cases_email_outbox_foundation.sql
[GRIDEX-REM-002 replay] applying supabase/bootstrap/20260521_company_ediel_production_profile_foundation.sql
[GRIDEX-REM-002 replay] applying supabase/bootstrap/20260521_actor_test_results_foundation.sql
[GRIDEX-REM-002 replay] applying supabase/bootstrap/20260521_ediel_test_runs_foundation.sql
[GRIDEX-REM-002 replay] applying supabase/bootstrap/20260521_ediel_test_run_messages_foundation.sql
[GRIDEX-REM-002 replay] applying supabase/bootstrap/20260522_admin_users_foundation.sql
[GRIDEX-REM-002 replay] applying supabase/bootstrap/20260523_rbac_permission_helpers_foundation.sql
[GRIDEX-REM-002 replay] applying supabase/bootstrap/20260527_company_memberships_role_key_foundation.sql
[GRIDEX-REM-002 replay] applying supabase/bootstrap/20260521_external_contract_intakes_foundation.sql
[GRIDEX-REM-002 replay] applying supabase/bootstrap/20260521_customer_portal_completions_foundation.sql
[GRIDEX-REM-002 replay] applying supabase/bootstrap/20260521_batch_2b_control_tower_foundation.sql
[GRIDEX-REM-002 replay] applying supabase/bootstrap/20260521_batch_2c_control_tower_foundation.sql
[GRIDEX-REM-002 replay] applying supabase/bootstrap/20260525_customer_invoice_lines_runtime_foundation.sql
[GRIDEX-REM-002 replay] applying supabase/bootstrap/20260526_customer_blockers_foundation.sql
[GRIDEX-REM-002 replay] applying supabase/bootstrap/20260528_ediel_test_run_steps_foundation.sql
[GRIDEX-REM-002 replay] applying /tmp/tmp.GTT6ru7Hzb/20260528_batch_2_ediel_rulebook_system_tests.sql
[GRIDEX-REM-002 replay] applying /tmp/tmp.GTT6ru7Hzb/20260529_batch_2_rulebook_hardening_sql_fix_v4.sql
[GRIDEX-REM-002 replay] applying supabase/bootstrap/20260529_ediel_test_artifact_message_foundation.sql
[GRIDEX-REM-002 replay] applying /tmp/tmp.GTT6ru7Hzb/ediel_rules.sql
[GRIDEX-REM-002 replay] applying /tmp/tmp.GTT6ru7Hzb/Batch 1+2.sql
[GRIDEX-REM-002 replay] applying supabase/bootstrap/20260528_route_decision_logs_foundation.sql
[GRIDEX-REM-002 replay] applying supabase/bootstrap/20260528_route_decision_logs_current_supplier_foundation.sql
[GRIDEX-REM-002 replay] applying supabase/bootstrap/20260528_inbound_email_messages_foundation.sql
[GRIDEX-REM-002 replay] applying /tmp/tmp.GTT6ru7Hzb/batch 3.sql
[GRIDEX-REM-002 replay] applying /tmp/tmp.GTT6ru7Hzb/batch 4+5+6.sql
[GRIDEX-REM-002 replay] applying supabase/bootstrap/20260522_set_updated_at_timestamp_foundation.sql
[GRIDEX-REM-002 replay] applying supabase/bootstrap/20260531_integration_api_clients_foundation.sql
[GRIDEX-REM-002 replay] applying supabase/bootstrap/20260601_ediel_production_readiness_foundation.sql
[GRIDEX-REM-002 replay] applying /tmp/tmp.GTT6ru7Hzb/20260602090000_ediel_operations_platform_core.sql
[GRIDEX-REM-002 replay] applying supabase/bootstrap/20260602_ediel_certificates_foundation.sql
[GRIDEX-REM-002 replay] applying supabase/bootstrap/20260602_ediel_environment_type_foundation.sql
[GRIDEX-REM-002 replay] applying /tmp/tmp.GTT6ru7Hzb/20260605160000_ediel_backend_automation_foundation.sql
[GRIDEX-REM-002 replay] applying supabase/bootstrap/20260605_ediel_outbox_foundation.sql
[GRIDEX-REM-002 replay] applying supabase/bootstrap/20260609_integration_api_client_origins_foundation.sql
[GRIDEX-REM-002 replay] applying supabase/bootstrap/20260609_webhook_email_readiness_foundation.sql
[GRIDEX-REM-002 replay] applying supabase/bootstrap/20260609_website_customer_applications_foundation.sql
[GRIDEX-REM-002 replay] applying supabase/bootstrap/20260611_grid_owner_information_request_foundation.sql
[GRIDEX-REM-002 replay] applying supabase/bootstrap/20260611_customer_contract_energy_resolution_foundation.sql
[GRIDEX-REM-002 replay] applying supabase/bootstrap/20260612_integration_api_client_lifecycle_foundation.sql
[GRIDEX-REM-002 replay] applying supabase/bootstrap/20260613_powers_of_attorney_customer_site_foundation.sql
[GRIDEX-REM-002 replay] applying supabase/bootstrap/20260614_integration_api_client_readiness_foundation.sql
[GRIDEX-REM-002 replay] applying supabase/bootstrap/20260618_customer_operation_jobs_foundation.sql
[GRIDEX-REM-002 replay] applying supabase/bootstrap/20260618_customer_application_workflows_foundation.sql
[GRIDEX-REM-002 replay] applying supabase/bootstrap/20260721_contract_publication_revisions_foundation.sql
[GRIDEX-REM-002 replay] applying supabase/bootstrap/20260722_external_tenant_reference_foundation.sql
[GRIDEX-REM-002 replay] applying supabase/bootstrap/20260724_customer_application_continuation_schema_foundation.sql
[GRIDEX-REM-002 replay] applying supabase/bootstrap/20260801_company_capabilities_foundation.sql
[GRIDEX-REM-002 replay] applying /tmp/tmp.GTT6ru7Hzb/20260530110000_gridcore_ediel_multitenant_foundation.sql
[GRIDEX-REM-002 replay] applying /tmp/tmp.GTT6ru7Hzb/20260530152700_batch_1_2_ediel_actor_configuration.sql
[GRIDEX-REM-002 replay] applying /tmp/tmp.GTT6ru7Hzb/20260530154700_batch_3_shared_inbound_polling.sql
[GRIDEX-REM-002 replay] applying /tmp/tmp.GTT6ru7Hzb/20260530175000_batch_4_6_inbound_actor_routing.sql
[GRIDEX-REM-002 replay] applying /tmp/tmp.GTT6ru7Hzb/20260530182500_batch_8_tenant_email_templates.sql
[GRIDEX-REM-002 replay] applying /tmp/tmp.GTT6ru7Hzb/20260530190000_import_prodat_26a_field_matrix.sql
[GRIDEX-REM-002 replay] applying /tmp/tmp.GTT6ru7Hzb/20260531080000_fix_customer_internal_notes_customer_fk.sql
[GRIDEX-REM-002 replay] applying /tmp/tmp.GTT6ru7Hzb/20260531160000_analytics_forecasting_module.sql
[GRIDEX-REM-002 replay] applying /tmp/tmp.GTT6ru7Hzb/20260531213000_resend_tenant_email_engine.sql
[GRIDEX-REM-002 replay] applying /tmp/tmp.GTT6ru7Hzb/20260531215000_resend_webhook_event_tracking.sql
[GRIDEX-REM-002 replay] applying /tmp/tmp.GTT6ru7Hzb/20260601093000_ediel_actor_identity_source_of_truth.sql
[GRIDEX-REM-002 replay] applying /tmp/tmp.GTT6ru7Hzb/20260601113000_dynamic_receiver_manual_grid_owner.sql
[GRIDEX-REM-002 replay] applying /tmp/tmp.GTT6ru7Hzb/20260601150000_ediel_tenant_systemtest_dynamic_receiver_hardening.sql
[GRIDEX-REM-002 replay] applying /tmp/tmp.GTT6ru7Hzb/20260601173000_ediel_final_hardening_schema_patch.sql
[GRIDEX-REM-002 replay] applying /tmp/tmp.GTT6ru7Hzb/20260601184500_ediel_runtime_hardening_rls_route_history.sql
[GRIDEX-REM-002 replay] applying /tmp/tmp.GTT6ru7Hzb/20260602093200_ediel_operations_rls_completion.sql
[GRIDEX-REM-002 replay] applying /tmp/tmp.GTT6ru7Hzb/20260602101500_ediel_shared_mailbox_subaddress_security.sql
[GRIDEX-REM-002 replay] applying /tmp/tmp.GTT6ru7Hzb/20260602152000_ediel_operations_completion_hardening.sql
[GRIDEX-REM-002 replay] applying /tmp/tmp.GTT6ru7Hzb/20260603110000_ediel_outbound_recipient_certificate_hardening.sql
[GRIDEX-REM-002 replay] applying /tmp/tmp.GTT6ru7Hzb/20260603123000_ediel_party_registry_routes_transport_security.sql
[GRIDEX-REM-002 replay] applying /tmp/tmp.GTT6ru7Hzb/20260603143000_ediel_mail_readiness_system_test_packages.sql
[GRIDEX-REM-002 replay] applying /tmp/tmp.GTT6ru7Hzb/20260604113000_fix_ediel_inbound_transaction_dedupe.sql
[GRIDEX-REM-002 replay] applying /tmp/tmp.GTT6ru7Hzb/20260604124500_cleanup_duplicate_system_test_inbound_links.sql
[GRIDEX-REM-002 replay] applying /tmp/tmp.GTT6ru7Hzb/20260605183000_batch4_canonical_edifact_rulebook.sql
[GRIDEX-REM-002 replay] applying /tmp/tmp.GTT6ru7Hzb/20260608120000_metering_billing_pricing_engine.sql
[GRIDEX-REM-002 replay] applying /tmp/tmp.GTT6ru7Hzb/20260608133000_automatic_spot_price_import.sql
[GRIDEX-REM-002 replay] applying /tmp/tmp.GTT6ru7Hzb/20260608152000_billing_source_normalized_fix.sql
[GRIDEX-REM-002 replay] applying /tmp/tmp.GTT6ru7Hzb/20260608154500_billing_underlay_status_normalized_alignment.sql
[GRIDEX-REM-002 replay] applying /tmp/tmp.GTT6ru7Hzb/20260608170000_batch_1_9_operations_integration_foundation.sql
[GRIDEX-REM-002 replay] applying /tmp/tmp.GTT6ru7Hzb/20260609100000_batch_1_2_5_3_capway_invoice_foundation.sql
[GRIDEX-REM-002 replay] applying /tmp/tmp.GTT6ru7Hzb/20260609113000_batch_2_3_4_6_period_onboarding_ediel_portal.sql
[GRIDEX-REM-002 replay] applying /tmp/tmp.GTT6ru7Hzb/20260609124500_batch_2_3_4_6_test_fix.sql
[GRIDEX-REM-002 replay] applying /tmp/tmp.GTT6ru7Hzb/20260609133000_batch_2_3_verification_fix_v2.sql
[GRIDEX-REM-002 replay] applying /tmp/tmp.GTT6ru7Hzb/20260609143000_batch_6_api_clients_customer_portal.sql
[GRIDEX-REM-002 replay] applying supabase/bootstrap/20260609_communication_log_trace_foundation.sql
[GRIDEX-REM-002 replay] applying /tmp/tmp.GTT6ru7Hzb/20260609183000_batch_8_admin_operations_website_email_webhooks.sql
[GRIDEX-REM-002 replay] applying /tmp/tmp.GTT6ru7Hzb/20260610100000_email_identity_templates_webhook_stabilization.sql
[GRIDEX-REM-002 replay] applying /tmp/tmp.GTT6ru7Hzb/20260610110000_email_rules_website_application_hotfix.sql
[GRIDEX-REM-002 replay] applying /tmp/tmp.GTT6ru7Hzb/20260610123000_customer_application_review_flow.sql
[GRIDEX-REM-002 replay] applying /tmp/tmp.GTT6ru7Hzb/20260610171000_customer_application_status_hardening.sql
[GRIDEX-REM-002 replay] applying /tmp/tmp.GTT6ru7Hzb/20260610185000_customer_contract_source_type_idempotency.sql
[GRIDEX-REM-002 replay] applying /tmp/tmp.GTT6ru7Hzb/20260610192000_customer_contract_status_alignment.sql
[GRIDEX-REM-002 replay] applying /tmp/tmp.GTT6ru7Hzb/20260611100000_energy_resolver_grid_area_operations.sql
[GRIDEX-REM-002 replay] applying /tmp/tmp.GTT6ru7Hzb/20260611123000_actor_registry_message_semantics_tenant_automation.sql
[GRIDEX-REM-002 replay] applying /tmp/tmp.GTT6ru7Hzb/20260611150000_launch_readiness_security_routes_stats.sql
[GRIDEX-REM-002 replay] applying /tmp/tmp.GTT6ru7Hzb/20260611170000_launch_readiness_completion_db_warnings_retention_bulk.sql
[GRIDEX-REM-002 replay] applying /tmp/tmp.GTT6ru7Hzb/20260611190000_launch_linter_hardening_security_definer_rls.sql
[GRIDEX-REM-002 replay] applying /tmp/tmp.GTT6ru7Hzb/20260611203000_launch_rls_suggestion_policy_completion.sql
[GRIDEX-REM-002 replay] applying /tmp/tmp.GTT6ru7Hzb/20260612100000_performance_batch_1a_1b_2_tenant_admin_speed.sql
[GRIDEX-REM-002 replay] applying /tmp/tmp.GTT6ru7Hzb/20260612123000_performance_batches_1_to_3_db_acceleration.sql
[GRIDEX-REM-002 replay] applying /tmp/tmp.GTT6ru7Hzb/20260612143000_performance_policy_consolidation_and_index_cleanup.sql
[GRIDEX-REM-002 replay] applying supabase/bootstrap/20260612_platform_usage_events_prerequisite.sql
[GRIDEX-REM-002 replay] applying /tmp/tmp.GTT6ru7Hzb/20260612160000_ops_points_1_to_8_hardening.sql
[GRIDEX-REM-002 replay] applying /tmp/tmp.GTT6ru7Hzb/20260612170000_ops_multitenant_website_contracts_events.sql
[GRIDEX-REM-002 replay] applying /tmp/tmp.GTT6ru7Hzb/20260612183000_ops_e_f_facility_work_queue_customer_cards.sql
[GRIDEX-REM-002 replay] applying /tmp/tmp.GTT6ru7Hzb/20260612193000_ops_j_to_n_governance_audit_cleanup_docs_v2.sql
[GRIDEX-REM-002 replay] applying /tmp/tmp.GTT6ru7Hzb/20260612193000_platform_tenant_contracts_api_mail.sql
[GRIDEX-REM-002 replay] applying /tmp/tmp.GTT6ru7Hzb/20260612203000_company_customer_number_prefix_hardening.sql
[GRIDEX-REM-002 replay] applying supabase/bootstrap/20260613_metering_points_ediel_id_prerequisite.sql
[GRIDEX-REM-002 replay] applying /tmp/tmp.GTT6ru7Hzb/20260613090000_batch_m_ops_master_legal_readiness.sql
[GRIDEX-REM-002 replay] applying /tmp/tmp.GTT6ru7Hzb/20260613100000_actor_auto_readiness_certificates.sql
[GRIDEX-REM-002 replay] applying /tmp/tmp.GTT6ru7Hzb/20260614110000_actor_route_filters_dedupe_and_auto_send_scope.sql
[GRIDEX-REM-002 replay] applying /tmp/tmp.GTT6ru7Hzb/20260614130000_actor_readiness_summary_certificate_sync.sql
[GRIDEX-REM-002 replay] applying /tmp/tmp.GTT6ru7Hzb/20260614140000_ops_production_multitenant_readiness.sql
[GRIDEX-REM-002 replay] applying /tmp/tmp.GTT6ru7Hzb/20260615090000_batch_o_grid_owner_verification.sql
[GRIDEX-REM-002 replay] applying /tmp/tmp.GTT6ru7Hzb/20260615110000_batch_o2_subaddress_certificate_readiness.sql
[GRIDEX-REM-002 replay] applying /tmp/tmp.GTT6ru7Hzb/20260615113000_batch_o2_1_registry_empty_subaddress.sql
[GRIDEX-REM-002 replay] applying /tmp/tmp.GTT6ru7Hzb/20260615130000_batch_o3_o6_actor_registry_certificate_hardening.sql
[GRIDEX-REM-002 replay] applying /tmp/tmp.GTT6ru7Hzb/20260615143000_batch_o6_3_safe_blank_subaddress_backfill.sql
[GRIDEX-REM-002 replay] applying /tmp/tmp.GTT6ru7Hzb/20260615165000_batch_o6_certificate_live_lookup_diagnostics.sql
[GRIDEX-REM-002 replay] applying /tmp/tmp.GTT6ru7Hzb/20260615173000_batch_o6_1_certificate_schema_adapter_job_finalization.sql
[GRIDEX-REM-002 replay] applying /tmp/tmp.GTT6ru7Hzb/20260615190000_batch_o6_4_role_aware_readiness_grid_owner_cleanup.sql
[GRIDEX-REM-002 replay] applying /tmp/tmp.GTT6ru7Hzb/20260615203000_platform_go_live_route_resolver_message_center.sql
[GRIDEX-REM-002 replay] applying /tmp/tmp.GTT6ru7Hzb/20260615214500_public_contract_offer_api_readiness_fix.sql
[GRIDEX-REM-002 replay] applying /tmp/tmp.GTT6ru7Hzb/20260615230000_tenant_legal_defaults_live_test_intake_tracking.sql
[GRIDEX-REM-002 replay] applying /tmp/tmp.GTT6ru7Hzb/20260616090000_simplified_go_live_contract_pricing_polish.sql
[GRIDEX-REM-002 replay] applying /tmp/tmp.GTT6ru7Hzb/20260616110000_company_card_go_live_separation_readiness.sql
[GRIDEX-REM-002 replay] applying /tmp/tmp.GTT6ru7Hzb/20260616123000_contract_offer_unique_code_and_safe_delete.sql
[GRIDEX-REM-002 replay] applying /tmp/tmp.GTT6ru7Hzb/20260616123000_website_api_webhook_contract_hardening.sql
[GRIDEX-REM-002 replay] applying /tmp/tmp.GTT6ru7Hzb/20260616150000_public_contract_offer_api_visibility_fix.sql
[GRIDEX-REM-002 replay] applying /tmp/tmp.GTT6ru7Hzb/20260616183000_go_live_routes_brp_schema_guard.sql
[GRIDEX-REM-002 replay] applying /tmp/tmp.GTT6ru7Hzb/20260616193000_go_live_route_runtime_and_email_dispatch_hotfix.sql
[GRIDEX-REM-002 replay] applying /tmp/tmp.GTT6ru7Hzb/20260616205000_tenant_email_outbox_dispatcher.sql
[GRIDEX-REM-002 replay] applying supabase/bootstrap/20260616_customer_portal_user_email_prerequisite.sql
[GRIDEX-REM-002 replay] applying /tmp/tmp.GTT6ru7Hzb/20260616223000_customer_portal_bundle_resolver_backfill.sql
[GRIDEX-REM-002 replay] applying /tmp/tmp.GTT6ru7Hzb/20260616234500_customer_portal_external_auth_linking.sql
[GRIDEX-REM-002 replay] applying /tmp/tmp.GTT6ru7Hzb/20260617120000_website_api_portal_poa_identity_webhook_hardening.sql
[GRIDEX-REM-002 replay] applying /tmp/tmp.GTT6ru7Hzb/20260617170000_customer_portal_external_auth_account_repair.sql
[GRIDEX-REM-002 replay] applying supabase/bootstrap/20260617_powers_of_attorney_customer_contract_prerequisite.sql
[GRIDEX-REM-002 replay] applying /tmp/tmp.GTT6ru7Hzb/20260617183000_portal_documents_mail_onboarding_batch.sql
[GRIDEX-REM-002 replay] applying /tmp/tmp.GTT6ru7Hzb/20260617194500_facility_work_queue_auth_mail_hardening.sql
[GRIDEX-REM-002 replay] applying /tmp/tmp.GTT6ru7Hzb/20260617203000_simplified_customer_ops_events_and_mail_architecture.sql
[GRIDEX-REM-002 replay] applying /tmp/tmp.GTT6ru7Hzb/20260618110000_customer_operation_automation_jobs.sql
[GRIDEX-REM-002 replay] applying /tmp/tmp.GTT6ru7Hzb/20260618140000_customer_site_address_provenance_and_intake_hardening.sql
[GRIDEX-REM-002 replay] applying /tmp/tmp.GTT6ru7Hzb/20260618150000_customer_card_address_backfill_and_legacy_request_visibility.sql
[GRIDEX-REM-002 replay] applying /tmp/tmp.GTT6ru7Hzb/20260618193000_customer_operation_events_timeline.sql
[GRIDEX-REM-002 replay] applying /tmp/tmp.GTT6ru7Hzb/20260618194500_customer_operation_events_cancelled_status.sql
[GRIDEX-REM-002 replay] applying supabase/bootstrap/20260618_ediel_outbox_claim_lock_prerequisite.sql
[GRIDEX-REM-002 replay] applying supabase/bootstrap/20260618_inbound_processing_jobs_prerequisite.sql
[GRIDEX-REM-002 replay] applying /tmp/tmp.GTT6ru7Hzb/20260618200000_ops_production_hardening_resolver_queues.sql
[GRIDEX-REM-002 replay] applying /tmp/tmp.GTT6ru7Hzb/20260618213000_ops_completion_workflows_health.sql
[GRIDEX-REM-002 replay] applying /tmp/tmp.GTT6ru7Hzb/20260618230000_ops_final_completion_atomic_routes.sql
[GRIDEX-REM-002 replay] applying /tmp/tmp.GTT6ru7Hzb/20260619091400_customer_operation_uuid_trace_hardening.sql
[GRIDEX-REM-002 replay] applying /tmp/tmp.GTT6ru7Hzb/20260619200000_customer_info_route_blockers_and_materialization.sql
[GRIDEX-REM-002 replay] applying /tmp/tmp.GTT6ru7Hzb/20260620103000_customer_info_full_readiness_hardening.sql
[GRIDEX-REM-002 replay] applying /tmp/tmp.GTT6ru7Hzb/20260621110000_production_customer_info_route_repair.sql
[GRIDEX-REM-002 replay] applying /tmp/tmp.GTT6ru7Hzb/20260621123000_customer_info_dispatch_finalizer.sql
[GRIDEX-REM-002 replay] applying /tmp/tmp.GTT6ru7Hzb/20260621143000_company_route_materialization_production_readiness.sql
[GRIDEX-REM-002 replay] applying /tmp/tmp.GTT6ru7Hzb/20260621160000_performance_portal_invoice_metering_indexes.sql
[GRIDEX-REM-002 replay] applying /tmp/tmp.GTT6ru7Hzb/20260622090000_company_route_readiness_utilts_null_message_code_fix.sql
[GRIDEX-REM-002 replay] applying /tmp/tmp.GTT6ru7Hzb/20260622120000_company_onboarding_readiness_checklist.sql
[GRIDEX-REM-002 replay] applying /tmp/tmp.GTT6ru7Hzb/20260622123000_operational_route_repair_diagnostics.sql
[GRIDEX-REM-002 replay] applying /tmp/tmp.GTT6ru7Hzb/20260622133000_bulk_operational_route_materialization_repair.sql
[GRIDEX-REM-002 replay] applying /tmp/tmp.GTT6ru7Hzb/20260622150000_ediel_route_ack_mode_fix_and_extended_materializer.sql
[GRIDEX-REM-002 replay] applying /tmp/tmp.GTT6ru7Hzb/20260623090000_z01_route_profile_actor_setting_backfill.sql
[GRIDEX-REM-002 replay] applying /tmp/tmp.GTT6ru7Hzb/20260624120000_gridex_supplier_ombud_business_automation.sql
[GRIDEX-REM-002 replay] applying /tmp/tmp.GTT6ru7Hzb/20260624130000_gridex_supplier_remaining_business_state_machine.sql
[GRIDEX-REM-002 replay] applying /tmp/tmp.GTT6ru7Hzb/20260624150000_gridex_automatic_customer_intake_foundation.sql
[GRIDEX-REM-002 replay] applying /tmp/tmp.GTT6ru7Hzb/20260624170000_gridex_automatic_facility_lookup_edifact_dispatch.sql
[GRIDEX-REM-002 replay] applying /tmp/tmp.GTT6ru7Hzb/20260624183000_gridex_customer_intake_completion_hardening.sql
[GRIDEX-REM-002 replay] applying /tmp/tmp.GTT6ru7Hzb/20260625100000_gridex_customer_operations_runtime_hotfix.sql
[GRIDEX-REM-002 replay] applying /tmp/tmp.GTT6ru7Hzb/20260625110000_ediel_message_intents_foundation.sql
[GRIDEX-REM-002 replay] applying /tmp/tmp.GTT6ru7Hzb/20260625120000_ai_bi_reconciliation_approval_audit.sql
[GRIDEX-REM-002 replay] applying /tmp/tmp.GTT6ru7Hzb/20260625130000_gridex_ediel_intent_source_of_truth.sql
[GRIDEX-REM-002 replay] applying /tmp/tmp.GTT6ru7Hzb/20260626120000_gridex_manual_grid_owner_communication_pipeline.sql
[GRIDEX-REM-002 replay] applying /tmp/tmp.GTT6ru7Hzb/20260626130000_gridex_manual_communication_mailboxes.sql
[GRIDEX-REM-002 replay] applying /tmp/tmp.GTT6ru7Hzb/20260626140000_gridex_manual_grid_owner_live_fixes.sql
[GRIDEX-REM-002 replay] applying /tmp/tmp.GTT6ru7Hzb/20260628120000_gridex_poa_event_and_outbox_status_backfill.sql
[GRIDEX-REM-002 replay] applying /tmp/tmp.GTT6ru7Hzb/20260629120000_gridex_archived_customer_status_and_customer_audit_columns.sql
[GRIDEX-REM-002 replay] applying /tmp/tmp.GTT6ru7Hzb/20260629121000_gridex_platform_customer_relationship_observations.sql
[GRIDEX-REM-002 replay] applying /tmp/tmp.GTT6ru7Hzb/20260629130000_legal_poa_hardening_indexes.sql
[GRIDEX-REM-002 replay] applying /tmp/tmp.GTT6ru7Hzb/20260629140000_website_application_partial_repaired_status.sql
[GRIDEX-REM-002 replay] applying /tmp/tmp.GTT6ru7Hzb/20260629150000_customers_customer_type_canonicalization.sql
[GRIDEX-REM-002 replay] applying /tmp/tmp.GTT6ru7Hzb/20260629193000_platform_legal_template_editor_and_rendering.sql
[GRIDEX-REM-002 replay] applying /tmp/tmp.GTT6ru7Hzb/20260630143000_website_application_site_provisioning_repair.sql
[GRIDEX-REM-002 replay] applying /tmp/tmp.GTT6ru7Hzb/20260701090000_website_application_ops_chain_hardening.sql
[GRIDEX-REM-002 replay] applying /tmp/tmp.GTT6ru7Hzb/20260702090000_gridex_production_readiness_switch_intake_constraints.sql
[GRIDEX-REM-002 replay] applying /tmp/tmp.GTT6ru7Hzb/20260702120000_gridex_billing_pricing_immutability_constraints.sql
[GRIDEX-REM-002 replay] applying /tmp/tmp.GTT6ru7Hzb/20260702130000_gridex_invoice_export_attempts_retry.sql
[GRIDEX-REM-002 replay] applying /tmp/tmp.GTT6ru7Hzb/20260702140000_gridex_portal_invoice_webhook_loop.sql
[GRIDEX-REM-002 replay] applying /tmp/tmp.GTT6ru7Hzb/20260702150000_gridex_sent_invoice_protection.sql
[GRIDEX-REM-002 replay] applying /tmp/tmp.GTT6ru7Hzb/20260703100000_gridex_production_readiness_perf_indexes.sql
[GRIDEX-REM-002 replay] applying /tmp/tmp.GTT6ru7Hzb/20260703110000_gridex_event_log_rls_hardening.sql
[GRIDEX-REM-002 replay] applying /tmp/tmp.GTT6ru7Hzb/20260703120000_gridex_manual_email_outbox_delivery_uncertain.sql
[GRIDEX-REM-002 replay] applying /tmp/tmp.GTT6ru7Hzb/20260705100000_gridex_flow_consolidation_rbac_rls.sql
[GRIDEX-REM-002 replay] applying /tmp/tmp.GTT6ru7Hzb/20260705110000_gridex_intake_status_contract_alignment.sql
[GRIDEX-REM-002 replay] applying /tmp/tmp.GTT6ru7Hzb/20260705120000_gridex_customer_cases_inbound_review_types.sql
[GRIDEX-REM-002 replay] applying /tmp/tmp.GTT6ru7Hzb/20260705130000_gridex_communication_logs_complained_at.sql
[GRIDEX-REM-002 replay] applying /tmp/tmp.GTT6ru7Hzb/20260707120000_gridex_pipeline_hardening_guards.sql
[GRIDEX-REM-002 replay] applying /tmp/tmp.GTT6ru7Hzb/20260707130000_gridex_manual_email_recipient_resolution.sql
[GRIDEX-REM-002 replay] applying /tmp/tmp.GTT6ru7Hzb/20260708193000_website_application_poa_site_canonical_fix.sql
[GRIDEX-REM-002 replay] applying /tmp/tmp.GTT6ru7Hzb/20260708210000_website_application_canonical_dispatch_alignment.sql
[GRIDEX-REM-002 replay] applying /tmp/tmp.GTT6ru7Hzb/20260709150000_supplier_switch_automation_key_idempotency.sql
[GRIDEX-REM-002 replay] applying /tmp/tmp.GTT6ru7Hzb/20260709160000_advisor_function_search_path.sql
[GRIDEX-REM-002 replay] applying /tmp/tmp.GTT6ru7Hzb/20260709161000_advisor_function_execute_revokes.sql
[GRIDEX-REM-002 replay] applying /tmp/tmp.GTT6ru7Hzb/20260709162000_advisor_security_invoker_views.sql
[GRIDEX-REM-002 replay] applying /tmp/tmp.GTT6ru7Hzb/20260709163000_advisor_rls_no_policy_hardening.sql
[GRIDEX-REM-002 replay] applying /tmp/tmp.GTT6ru7Hzb/20260710110000_website_application_idempotency_and_supplier_resume.sql
[GRIDEX-REM-002 replay] applying /tmp/tmp.GTT6ru7Hzb/20260710190000_customer_card_pricing_portfolio_hardening.sql
[GRIDEX-REM-002 replay] applying /tmp/tmp.GTT6ru7Hzb/20260712100000_gridex_end_to_end_integrity_hardening.sql
[GRIDEX-REM-002 replay] applying /tmp/tmp.GTT6ru7Hzb/20260712110000_ediel_canonical_consolidation.sql
[GRIDEX-REM-002 replay] applying /tmp/tmp.GTT6ru7Hzb/20260713100000_ediel_completion_and_platform_contract.sql
[GRIDEX-REM-002 replay] applying /tmp/tmp.GTT6ru7Hzb/20260713150000_api_performance_tenant_hardening.sql
[GRIDEX-REM-002 replay] applying /tmp/tmp.GTT6ru7Hzb/20260713203000_contract_api_visibility_signature_mail_hardening.sql
[GRIDEX-REM-002 replay] applying /tmp/tmp.GTT6ru7Hzb/20260714130000_canonical_contract_legal_publication_model.sql
[GRIDEX-REM-002 replay] applying /tmp/tmp.GTT6ru7Hzb/20260714160000_canonical_contract_runtime_completion.sql
[GRIDEX-REM-002 replay] applying /tmp/tmp.GTT6ru7Hzb/20260714223000_contract_publication_reference_integrity_hardening.sql
[GRIDEX-REM-002 replay] applying /tmp/tmp.GTT6ru7Hzb/20260715120000_automatic_contract_pricing_versioning.sql
[GRIDEX-REM-002 replay] applying /tmp/tmp.GTT6ru7Hzb/20260715123000_contract_pricing_canonical_completion.sql
[GRIDEX-REM-002 replay] applying /tmp/tmp.GTT6ru7Hzb/20260715170000_contract_pgcrypto_runtime_search_path_hotfix.sql
[GRIDEX-REM-002 replay] applying supabase/bootstrap/20260716_billing_export_run_items_runtime_prerequisite.sql
[GRIDEX-REM-002 replay] applying /tmp/tmp.GTT6ru7Hzb/20260716010000_contract_billing_end_to_end_completion.sql
[GRIDEX-REM-002 replay] applying /tmp/tmp.GTT6ru7Hzb/20260716090000_production_settlement_export_completion.sql
[GRIDEX-REM-002 replay] applying /tmp/tmp.GTT6ru7Hzb/20260716140000_contract_legal_publication_single_source_completion.sql
[GRIDEX-REM-002 replay] applying /tmp/tmp.GTT6ru7Hzb/20260716183000_contract_canonical_finalization.sql
[GRIDEX-REM-002 replay] applying /tmp/tmp.GTT6ru7Hzb/20260716223000_legal_defaults_readiness_and_profile_repair.sql
[GRIDEX-REM-002 replay] applying /tmp/tmp.GTT6ru7Hzb/20260717160000_tenant_legal_profile_structured_sync.sql
[GRIDEX-REM-002 replay] applying /tmp/tmp.GTT6ru7Hzb/20260717190000_company_legal_profile_single_editor.sql
[GRIDEX-REM-002 replay] applying /tmp/tmp.GTT6ru7Hzb/20260717233000_company_legal_contract_runtime_completion.sql
[GRIDEX-REM-002 replay] applying /tmp/tmp.GTT6ru7Hzb/20260717234500_canonical_public_contract_api_diagnostics.sql
[GRIDEX-REM-002 replay] applying /tmp/tmp.GTT6ru7Hzb/20260717235500_integration_api_rate_limiter_canonical_repair.sql
[GRIDEX-REM-002 replay] applying /tmp/tmp.GTT6ru7Hzb/20260718001000_public_pricing_component_website_visibility.sql
[GRIDEX-REM-002 replay] applying /tmp/tmp.GTT6ru7Hzb/20260718010000_canonical_portfolio_pricing_versions.sql
[GRIDEX-REM-002 replay] applying /tmp/tmp.GTT6ru7Hzb/20260718160000_v5_signature_switch_readiness_hardening.sql
[GRIDEX-REM-002 replay] applying /tmp/tmp.GTT6ru7Hzb/20260718161000_portfolio_monthly_settlements_rbac.sql
[GRIDEX-REM-002 replay] applying /tmp/tmp.GTT6ru7Hzb/20260718162000_portfolio_publication_billing_alignment.sql
[GRIDEX-REM-002 replay] applying /tmp/tmp.GTT6ru7Hzb/20260719120000_canonical_customer_number_assignment.sql
[GRIDEX-REM-002 replay] applying /tmp/tmp.GTT6ru7Hzb/20260719121000_billing_underlay_energy_direction_upsert_repair.sql
[GRIDEX-REM-002 replay] applying /tmp/tmp.GTT6ru7Hzb/20260719122000_pin_search_path_ediel_consolidation_triggers.sql
[GRIDEX-REM-002 replay] applying /tmp/tmp.GTT6ru7Hzb/20260720110000_canonical_customer_onboarding_transaction.sql
[GRIDEX-REM-002 replay] applying /tmp/tmp.GTT6ru7Hzb/20260720111500_billing_delivery_period_readiness.sql
[GRIDEX-REM-002 replay] applying /tmp/tmp.GTT6ru7Hzb/20260720183000_invoice_fee_canonical_contract_completion.sql
[GRIDEX-REM-002 replay] applying /tmp/tmp.GTT6ru7Hzb/20260720190000_invoice_fee_unreferenced_internal_completion.sql
[GRIDEX-REM-002 replay] applying /tmp/tmp.GTT6ru7Hzb/20260720233000_contract_product_lifecycle_go_live_completion.sql
[GRIDEX-REM-002 replay] applying /tmp/tmp.GTT6ru7Hzb/20260721123000_contract_lifecycle_unpublish_delete_backfill.sql
[GRIDEX-REM-002 replay] applying /tmp/tmp.GTT6ru7Hzb/20260721130000_contract_lifecycle_pgcrypto_search_path_hotfix.sql
[GRIDEX-REM-002 replay] applying /tmp/tmp.GTT6ru7Hzb/20260721131500_contract_lifecycle_valid_to_qualification_hotfix.sql
[GRIDEX-REM-002 replay] applying /tmp/tmp.GTT6ru7Hzb/20260721170000_contract_graph_api_revision_hardening.sql
[GRIDEX-REM-002 replay] applying /tmp/tmp.GTT6ru7Hzb/20260722133000_external_tenant_quote_api_completion.sql
[GRIDEX-REM-002 replay] applying /tmp/tmp.GTT6ru7Hzb/20260722233000_external_tenant_pricing_boundary.sql
[GRIDEX-REM-002 replay] applying /tmp/tmp.GTT6ru7Hzb/20260723120000_canonical_fixed_area_quote_flow.sql
[GRIDEX-REM-002 replay] applying /tmp/tmp.GTT6ru7Hzb/20260724120000_canonical_market_resolution_quote_billing_flow.sql
[GRIDEX-REM-002 replay] applying /tmp/tmp.GTT6ru7Hzb/20260724170000_single_api_key_tenant_website_integration.sql
[GRIDEX-REM-002 replay] applying /tmp/tmp.GTT6ru7Hzb/20260724210000_customer_application_continuation_orchestrator.sql
[GRIDEX-REM-002 replay] applying /tmp/tmp.GTT6ru7Hzb/20260724223000_market_price_api_documentation_completion.sql
[GRIDEX-REM-002 replay] applying /tmp/tmp.GTT6ru7Hzb/20260725120000_billing_readiness_and_supply_activation_v1.sql
[GRIDEX-REM-002 replay] applying /tmp/tmp.GTT6ru7Hzb/20260726010000_contract_tenant_lifecycle_completion.sql
[GRIDEX-REM-002 replay] applying /tmp/tmp.GTT6ru7Hzb/20260726090000_contract_create_delete_runtime_alignment.sql
[GRIDEX-REM-002 replay] applying /tmp/tmp.GTT6ru7Hzb/20260726140000_contract_deletion_graph_completion.sql
[GRIDEX-REM-002 replay] applying /tmp/tmp.GTT6ru7Hzb/20260726230000_contract_admin_api_alignment.sql
[GRIDEX-REM-002 replay] applying /tmp/tmp.GTT6ru7Hzb/20260727010000_contract_flow_integrity_completion.sql
[GRIDEX-REM-002 replay] applying /tmp/tmp.GTT6ru7Hzb/20260727020000_contract_lifecycle_reference_readiness_repair.sql
[GRIDEX-REM-002 replay] applying /tmp/tmp.GTT6ru7Hzb/20260727030000_contract_operation_readiness_completion.sql
[GRIDEX-REM-002 replay] applying /tmp/tmp.GTT6ru7Hzb/20260727040000_contract_security_energy_direction_api_completion.sql
[GRIDEX-REM-002 replay] applying /tmp/tmp.GTT6ru7Hzb/20260727143000_contract_delete_runtime_completion.sql
[GRIDEX-REM-002 replay] applying /tmp/tmp.GTT6ru7Hzb/20260727150000_contract_offer_archived_slug_reuse.sql
[GRIDEX-REM-002 replay] applying /tmp/tmp.GTT6ru7Hzb/20260727150000_contract_offer_slug_identity_completion.sql
[GRIDEX-REM-002 replay] applying /tmp/tmp.GTT6ru7Hzb/20260727160000_contract_valid_to_active_rpc_repair.sql
[GRIDEX-REM-002 replay] applying /tmp/tmp.GTT6ru7Hzb/20260727161000_contract_type_slug_alignment.sql
[GRIDEX-REM-002 replay] applying /tmp/tmp.GTT6ru7Hzb/20260727162000_contract_slug_version_integrity_repair.sql
[GRIDEX-REM-002 replay] applying /tmp/tmp.GTT6ru7Hzb/20260727163000_contract_offer_copy_command.sql
[GRIDEX-REM-002 replay] applying /tmp/tmp.GTT6ru7Hzb/20260727164000_canonical_invoice_export_runtime_completion.sql
[GRIDEX-REM-002 replay] applying /tmp/tmp.GTT6ru7Hzb/20260727165000_quote_and_customer_contract_event_integrity.sql
[GRIDEX-REM-002 replay] applying /tmp/tmp.GTT6ru7Hzb/20260727166000_atomic_quote_application_onboarding_commit.sql
[GRIDEX-REM-002 replay] applying /tmp/tmp.GTT6ru7Hzb/20260727167000_customer_contract_state_machine_and_active_invariant.sql
[GRIDEX-REM-002 replay] applying supabase/bootstrap/20260728_customer_application_transition_replay_compatibility.sql
[GRIDEX-REM-002 replay] applying /tmp/tmp.GTT6ru7Hzb/20260728170000_live_schema_code_canonical_sync.sql
[GRIDEX-REM-002 replay] applying /tmp/tmp.GTT6ru7Hzb/20260728190000_contract_channel_permission_publication_completion.sql
[GRIDEX-REM-002 replay] applying /tmp/tmp.GTT6ru7Hzb/20260729200000_contract_commercial_selection_completion.sql
[GRIDEX-REM-002 replay] applying /tmp/tmp.GTT6ru7Hzb/20260730120000_atomic_website_portal_identity.sql
[GRIDEX-REM-002 replay] applying /tmp/tmp.GTT6ru7Hzb/20260730130000_historical_sync_forward_repair.sql
[GRIDEX-REM-002 replay] applying /tmp/tmp.GTT6ru7Hzb/20260730153000_customer_portal_api_production_completion.sql
[GRIDEX-REM-002 replay] applying /tmp/tmp.GTT6ru7Hzb/20260730220000_canonical_price_option_publication_api_completion.sql
[GRIDEX-REM-002 replay] applying /tmp/tmp.GTT6ru7Hzb/20260731152000_public_contract_publication_graph_repair.sql
[GRIDEX-REM-002 replay] applying supabase/bootstrap/20260731_publication_repair_live_functions_foundation.sql
[GRIDEX-REM-002 replay] applying /tmp/tmp.GTT6ru7Hzb/20260731210000_public_contract_materialization_integrity_repair.sql
[GRIDEX-REM-002 replay] applying /tmp/tmp.GTT6ru7Hzb/20260801003000_public_contract_runtime_openapi_legal_parity.sql
[GRIDEX-REM-002 replay] applying /tmp/tmp.GTT6ru7Hzb/20260802010000_canonical_tenant_operation_policy_lifecycle.sql
[GRIDEX-REM-002 replay] applying /tmp/tmp.GTT6ru7Hzb/20260802011000_canonical_ediel_production_state.sql
[GRIDEX-REM-002 replay] applying /tmp/tmp.GTT6ru7Hzb/20260802012000_ediel_configuration_snapshots.sql
[GRIDEX-REM-002 replay] applying /tmp/tmp.GTT6ru7Hzb/20260802013000_ediel_test_evidence_v2.sql
[GRIDEX-REM-002 replay] applying /tmp/tmp.GTT6ru7Hzb/20260802014000_canonical_provisioning_access.sql
[GRIDEX-REM-002 replay] applying /tmp/tmp.GTT6ru7Hzb/20260802015000_canonical_backfill_constraints.sql
[GRIDEX-REM-002 replay] applying /tmp/tmp.GTT6ru7Hzb/20260802160000_website_application_committed_canonical_event.sql
[GRIDEX-REM-002 replay] applying /tmp/tmp.GTT6ru7Hzb/20260802170000_canonical_security_convergence.sql
[GRIDEX-REM-002 replay] applying /tmp/tmp.GTT6ru7Hzb/20260802180000_canonical_provisioning_privilege_convergence.sql
[GRIDEX-REM-002 replay] applying /tmp/tmp.GTT6ru7Hzb/20260802190000_canonical_emergency_access_lockdown.sql
[GRIDEX-REM-002 replay] applying /tmp/tmp.GTT6ru7Hzb/20260802203000_canonical_runtime_consistency_hardening.sql
[GRIDEX-REM-002 replay] applying /tmp/tmp.GTT6ru7Hzb/20260802230000_public_contract_delivery_consistency.sql
[GRIDEX-REM-002 replay] applying /tmp/tmp.GTT6ru7Hzb/20260802231000_tenant_website_provisioning_guards.sql
[GRIDEX-REM-002 replay] applying /tmp/tmp.GTT6ru7Hzb/20260802233000_security_definer_execution_lockdown.sql
[GRIDEX-REM-002 replay] applying supabase/bootstrap/20260802_canonical_migration_manifest_verification_foundation.sql
[GRIDEX-REM-002 replay] applying /tmp/tmp.GTT6ru7Hzb/20260803093000_platform_schema_runtime_columns_v3.sql
[GRIDEX-REM-002 replay] applying /tmp/tmp.GTT6ru7Hzb/20260803093100_gridex_runtime_capabilities_v3.sql
[GRIDEX-REM-002 replay] applying /tmp/tmp.GTT6ru7Hzb/20260803093200_gridex_migration_governance_v3.sql
[GRIDEX-REM-002 replay] applying /tmp/tmp.GTT6ru7Hzb/20260803093300_duplicate_primary_client_audit_contract_v3.sql
[GRIDEX-REM-002 replay] applying /tmp/tmp.GTT6ru7Hzb/20260803100040_public_contract_snapshot_shared_schema.sql
[GRIDEX-REM-002 replay] applying /tmp/tmp.GTT6ru7Hzb/20260803100130_public_contract_snapshot_shared_rpc.sql
[GRIDEX-REM-002 replay] applying supabase/bootstrap/20260716_contract_platform_readiness_foundation.sql
[GRIDEX-REM-002 replay] applying /tmp/tmp.GTT6ru7Hzb/20260803131558_external_api_contract_database_hardening_v1.sql
[GRIDEX-REM-002 replay] applying /tmp/tmp.GTT6ru7Hzb/20260803131922_external_api_contract_database_hardening_v2.sql
[GRIDEX-REM-002 replay] applying /tmp/tmp.GTT6ru7Hzb/20260803144819_contract_portfolio_area_billing_consistency.sql
[GRIDEX-REM-002 replay] applying /tmp/tmp.GTT6ru7Hzb/20260803145108_portfolio_lock_transition_immutability_fix.sql
[GRIDEX-REM-002 replay] applying /tmp/tmp.GTT6ru7Hzb/20260803145427_portfolio_superadmin_role_alignment.sql
[GRIDEX-REM-002 replay] applying /tmp/tmp.GTT6ru7Hzb/20260803150723_portfolio_mix_share_billing_completion.sql
[GRIDEX-REM-002 replay] applying /tmp/tmp.GTT6ru7Hzb/20260803152014_contract_portfolio_tenant_fk_indexes.sql
[GRIDEX-REM-002 replay] applying /tmp/tmp.GTT6ru7Hzb/20260803152236_portfolio_superadmin_helper_service_role_only.sql
[GRIDEX-REM-002 replay] applying /tmp/tmp.GTT6ru7Hzb/20260803212754_canonical_migration_readiness_reconciliation_v4.sql
[GRIDEX-REM-002 replay] applying supabase/bootstrap/20260804_customer_contract_standard_fees_prerequisite.sql
[GRIDEX-REM-002 replay] applying /tmp/tmp.GTT6ru7Hzb/20260804003000_customer_contract_fee_consistency.sql
[GRIDEX-REM-002 replay] applying /tmp/tmp.GTT6ru7Hzb/20260804093500_contract_publication_two_step_invoice_fee_repair.sql
[GRIDEX-REM-002 replay] applying /tmp/tmp.GTT6ru7Hzb/20260804121000_multitenant_website_application_flow_completion.sql
[GRIDEX-REM-002 replay] applying /tmp/tmp.GTT6ru7Hzb/20260804151500_website_application_pre_auth_contract_alignment.sql
[GRIDEX-REM-002 replay] applying /tmp/tmp.GTT6ru7Hzb/20260804173000_price_area_assurance_and_pricing_readiness.sql
[GRIDEX-REM-002 replay] applying /tmp/tmp.GTT6ru7Hzb/20260804190000_svk_geodata_and_billing_price_area_canonicalization.sql
[GRIDEX-REM-002 replay] applying /tmp/tmp.GTT6ru7Hzb/20260804193000_contract_price_snapshot_company_guard_fix.sql
[GRIDEX-REM-002 replay] applying /tmp/tmp.GTT6ru7Hzb/20260804200732_usage_event_identity_and_integration_write_idempotency.sql
[GRIDEX-REM-002 replay] applying /tmp/tmp.GTT6ru7Hzb/20260804202318_ediel_system_actor_uuid_and_draft_intent_repair.sql
[GRIDEX-REM-002 replay] applying /tmp/tmp.GTT6ru7Hzb/20260804202601_integration_api_request_log_idempotency_index_fix.sql
[GRIDEX-REM-002 replay] applying /tmp/tmp.GTT6ru7Hzb/20260805085617_api_contract_billing_tenant_hardening.sql
[GRIDEX-REM-002 replay] applying /tmp/tmp.GTT6ru7Hzb/20260806122255_gridex_ops_bl_002_global_read_isolation.sql
[GRIDEX-REM-002 replay] applying /tmp/tmp.GTT6ru7Hzb/20260806151106_gridex_aud_001_customer_document_storage_isolation.sql
[GRIDEX-REM-002 replay] applying /tmp/tmp.GTT6ru7Hzb/20260806152004_gridex_aud_001_storage_helper_private_schema.sql
[GRIDEX-REM-002 replay] applying /tmp/tmp.GTT6ru7Hzb/20260808214500_grid_owner_direct_actor_join_performance.sql
[GRIDEX-REM-002 replay] applying /tmp/tmp.GTT6ru7Hzb/20260809110000_ops_health_status_qualification.sql
[GRIDEX-REM-002 replay] applying /tmp/tmp.GTT6ru7Hzb/20260809114500_ediel_certificate_status_consistency.sql
[GRIDEX-REM-002 replay] applying /tmp/tmp.GTT6ru7Hzb/20260809123000_gridex_ops_bl_006_contacts_and_lookup_cache_read_isolation.sql
[GRIDEX-REM-002 replay] applying /tmp/tmp.GTT6ru7Hzb/20260809131500_gridex_ops_o008_actor_readiness_conflict_count_visibility.sql
[GRIDEX-REM-002 replay] applying supabase/bootstrap/20260809_batch4_write_policy_tables_prerequisite.sql
[GRIDEX-REM-002 replay] applying supabase/bootstrap/20260809_batch4c_write_policy_tables_prerequisite.sql
[GRIDEX-REM-002 replay] applying supabase/bootstrap/20260809_batch4d_write_policy_tables_prerequisite.sql
[GRIDEX-REM-002 replay] applying /tmp/tmp.GTT6ru7Hzb/20260809143000_gridex_ops_bl_001_write_permission_hardening.sql
[GRIDEX-REM-002 replay] applying /tmp/tmp.GTT6ru7Hzb/20260809180628_gridex_ops_external_api_performance_foundation.sql
[GRIDEX-REM-002 replay] applying supabase/bootstrap/20260809_company_ediel_environment_identity_prerequisite.sql
[GRIDEX-REM-002 replay] applying /tmp/tmp.GTT6ru7Hzb/20260809181141_backfill_legacy_ediel_test_run_tenant.sql
[GRIDEX-REM-002 replay] applying /tmp/tmp.GTT6ru7Hzb/20260809181153_validate_pending_public_constraints.sql
[GRIDEX-REM-002 replay] applying /tmp/tmp.GTT6ru7Hzb/20260809181803_portal_event_keyset_read_model.sql
[GRIDEX-REM-002 replay] applying /tmp/tmp.GTT6ru7Hzb/20260809182215_authenticate_integration_request_v1.sql
[GRIDEX-REM-002 replay] applying /tmp/tmp.GTT6ru7Hzb/20260809182318_authenticate_integration_request_route_cost.sql
[GRIDEX-REM-002 replay] applying /tmp/tmp.GTT6ru7Hzb/20260809182554_resolve_portal_customer_identity_v1.sql
[GRIDEX-REM-002 replay] applying /tmp/tmp.GTT6ru7Hzb/20260809183210_public_contract_feed_fingerprint_v1.sql
[GRIDEX-REM-002 replay] applying /tmp/tmp.GTT6ru7Hzb/20260809191057_authenticate_integration_request_route_cost.sql
[GRIDEX-REM-002 replay] applying /tmp/tmp.GTT6ru7Hzb/20260809191135_portal_event_keyset_read_model.sql
[GRIDEX-REM-002 replay] applying /tmp/tmp.GTT6ru7Hzb/20260810110126_tenant_website_granular_scopes.sql
[GRIDEX-REM-002 replay] applying /tmp/tmp.GTT6ru7Hzb/20260810110149_customer_invoice_public_reference.sql
[GRIDEX-REM-002 replay] applying /tmp/tmp.GTT6ru7Hzb/20260810110229_database_hygiene_and_geodata_retention.sql
[GRIDEX-REM-002 replay] applying /tmp/tmp.GTT6ru7Hzb/20260810110829_retention_category_classification.sql
[GRIDEX-REM-002 replay] applying /tmp/tmp.GTT6ru7Hzb/20260810185155_gridex_canonical_architecture_p0.sql
[GRIDEX-REM-002 replay] applying /tmp/tmp.GTT6ru7Hzb/20260810190410_gridex_canonical_architecture_p0.sql
[GRIDEX-REM-002 replay] applying /tmp/tmp.GTT6ru7Hzb/20260810190809_gridex_canonical_architecture_p0_security_hotfix.sql
[GRIDEX-REM-002 replay] applying /tmp/tmp.GTT6ru7Hzb/20260810191822_canonical_lifecycle_offboarding_v1.sql
[GRIDEX-REM-002 replay] applying /tmp/tmp.GTT6ru7Hzb/20260810193450_canonical_access_provisioning_runtime_v1.sql
[GRIDEX-REM-002 replay] applying /tmp/tmp.GTT6ru7Hzb/20260810213851_canonical_architecture_completion_v2.sql
[GRIDEX-REM-002 replay] applying /tmp/tmp.GTT6ru7Hzb/20260810214927_canonical_architecture_completion_fk_indexes.sql
[GRIDEX-REM-002 replay] applying /tmp/tmp.GTT6ru7Hzb/20260810221500_canonical_invitation_delivery_hotfix.sql
[GRIDEX-REM-002 replay] applying /tmp/tmp.GTT6ru7Hzb/20260810224500_canonical_review_remediation_v1.sql
[GRIDEX-REM-002 replay] applying /tmp/tmp.GTT6ru7Hzb/20260811080000_remaining_masterpoint_convergence.sql
[GRIDEX-REM-002 replay] applying /tmp/tmp.GTT6ru7Hzb/20260811155412_ops_health_live_route_qualification.sql
[GRIDEX-REM-002 replay] applying /tmp/tmp.GTT6ru7Hzb/20260811155851_post_108_health_security_residuals.sql
[GRIDEX-REM-002 replay] applying /tmp/tmp.GTT6ru7Hzb/20260812113000_gridex_ops_masterdata_health_v5.sql
[GRIDEX-REM-002 replay] applying /tmp/tmp.GTT6ru7Hzb/20260812114500_gridex_ops_health_v5_dynamic_receiver_semantics.sql
[GRIDEX-REM-002 replay] applying /tmp/tmp.GTT6ru7Hzb/20260812121100_gridex_ops_health_v5_service_role_only.sql
[GRIDEX-REM-002 replay] applying /tmp/tmp.GTT6ru7Hzb/20260812123500_gridex_ops_performance_hotpaths_v1.sql
[GRIDEX-REM-002 replay] applying /tmp/tmp.GTT6ru7Hzb/20260812125000_gridex_runtime_schema_catalog_v3_targeted_catalog.sql
[GRIDEX-REM-002 replay] applying /tmp/tmp.GTT6ru7Hzb/20260812130500_gridex_ops_health_v5_role_aware_counts.sql
[GRIDEX-REM-002 replay] applying /tmp/tmp.GTT6ru7Hzb/20260812132000_gridex_portfolio_rls_auth_initplan.sql
[GRIDEX-REM-002 replay] applying /tmp/tmp.GTT6ru7Hzb/20260812143000_gridex_ops_grid_owner_invariants_v2.sql
[GRIDEX-REM-002 replay] applying /tmp/tmp.GTT6ru7Hzb/20260812151500_gridex_ops_grid_owner_identifier_normalization_v3.sql
[GRIDEX-REM-002 replay] applying /tmp/tmp.GTT6ru7Hzb/20260812210800_gridex_rls_policy_normalization_v1.sql
[GRIDEX-REM-002 replay] applying /tmp/tmp.GTT6ru7Hzb/20260812211405_gridex_missing_fk_indexes_v1.sql
[GRIDEX-REM-002 replay] applying /tmp/tmp.GTT6ru7Hzb/20260812222645_gridex_explicit_service_only_rls_deny_v1.sql
[GRIDEX-REM-002 replay] applying /tmp/tmp.GTT6ru7Hzb/20260813070046_gridex_review_hardening_v2.sql
[GRIDEX-REM-002 replay] applying /tmp/tmp.GTT6ru7Hzb/20260813120500_ediel_utilts_25a3_semantics_alignment.sql
[GRIDEX-REM-002 replay] applying /tmp/tmp.GTT6ru7Hzb/20260813122500_ediel_utilts_profile_semantics.sql
[GRIDEX-REM-002 replay] applying /tmp/tmp.GTT6ru7Hzb/20260813123500_ediel_utilts_readiness_truth.sql
[GRIDEX-REM-002 replay] applying /tmp/tmp.GTT6ru7Hzb/20260519_ediel_operations_engine_batch.sql
[GRIDEX-REM-002 replay] applying /tmp/tmp.GTT6ru7Hzb/20260813124500_ediel_utilts_transactional_persistence_v1.sql
[GRIDEX-REM-002 replay] applying /tmp/tmp.GTT6ru7Hzb/20260813125000_ediel_utilts_persistence_pgcrypto_path.sql
[GRIDEX-REM-002 replay] applying /tmp/tmp.GTT6ru7Hzb/20260813125500_ediel_utilts_series_version_default.sql
[GRIDEX-REM-002 replay] applying /tmp/tmp.GTT6ru7Hzb/20260813130000_ediel_utilts_persistence_fk_indexes.sql
[GRIDEX-REM-002 replay] applying /tmp/tmp.GTT6ru7Hzb/20260813130500_ediel_utilts_canonical_field_matrix.sql
[GRIDEX-REM-002 replay] applying /tmp/tmp.GTT6ru7Hzb/20260813210500_ediel_utilts_field_511_products_25_a_3.sql
[GRIDEX-REM-002 replay] applying /tmp/tmp.GTT6ru7Hzb/20260813221500_ediel_utilts_field_511_l653q_description_trim.sql
[GRIDEX-REM-002 replay] applying /tmp/tmp.GTT6ru7Hzb/20260813230000_runtime_readiness_dependency_resilience_v1.sql
[GRIDEX-REM-002 replay] applying /tmp/tmp.GTT6ru7Hzb/20260814125600_tenant_website_go_live_hardening.sql
[GRIDEX-REM-002 replay] applying /tmp/tmp.GTT6ru7Hzb/20260814133500_tenant_website_activation_guard.sql
[GRIDEX-REM-002 replay] applying /tmp/tmp.GTT6ru7Hzb/20260814162500_tenant_rls_lifecycle_hardening.sql
[GRIDEX-REM-002 replay] applying /tmp/tmp.GTT6ru7Hzb/20260814170000_tenant_website_receipt_ready_binding.sql
[GRIDEX-REM-002 replay] applying /tmp/tmp.GTT6ru7Hzb/20260814180000_tenant_website_activation_lifecycle_resume.sql
[GRIDEX-REM-002 replay] applying /tmp/tmp.GTT6ru7Hzb/20260814183500_remaining_production_gaps_forward_port.sql
[GRIDEX-REM-002 replay] applying /tmp/tmp.GTT6ru7Hzb/20260814190000_inbound_manual_review_status_and_binding.sql
[GRIDEX-REM-002 replay] applying /tmp/tmp.GTT6ru7Hzb/20260814193000_inbound_manual_review_reopen_after_requeue.sql
[GRIDEX-REM-002 replay] applying /tmp/tmp.GTT6ru7Hzb/20260814200000_inbound_manual_review_metadata_on_entry.sql
[GRIDEX-REM-002 replay] applying /tmp/tmp.GTT6ru7Hzb/20260814230500_fix_canonical_tenant_lifecycle_request_hash.sql
[GRIDEX-REM-002 replay] applying /tmp/tmp.GTT6ru7Hzb/20260814232000_bind_website_sales_to_live_production.sql
[GRIDEX-REM-002 replay] applying /tmp/tmp.GTT6ru7Hzb/20260814234000_certification_evidence_passed_integrity.sql
[GRIDEX-REM-002 replay] applying /tmp/tmp.GTT6ru7Hzb/20260815002945_fix_actor_profile_hash_and_authoritative_projection.sql
[GRIDEX-REM-002 replay] applying supabase/bootstrap/20260815_current_ediel_engine_schema_version_prerequisite.sql
[GRIDEX-REM-002 replay] applying /tmp/tmp.GTT6ru7Hzb/20260815003554_conditional_limited_pilot_evidence_gate.sql
[GRIDEX-REM-002 replay] applying /tmp/tmp.GTT6ru7Hzb/20260815093959_ediel_system_test_multitenant_profile_key.sql
[GRIDEX-REM-002 replay] applying supabase/bootstrap/20260815_ediel_test_runs_environment_type_prerequisite.sql
[GRIDEX-REM-002 replay] applying /tmp/tmp.GTT6ru7Hzb/20260815095427_ediel_role_scoped_test_configuration_binding.sql
[GRIDEX-REM-002 replay] applying /tmp/tmp.GTT6ru7Hzb/20260815114530_restore_pre_engine_live_ediel_approval.sql
[GRIDEX-REM-002 replay] applying /tmp/tmp.GTT6ru7Hzb/20260815114814_restore_pre_engine_live_ediel_approval_uuid_aggregate_hotfix.sql
[GRIDEX-REM-002 replay] applying /tmp/tmp.GTT6ru7Hzb/20260815162500_tenant_readiness_truth_convergence.sql
[GRIDEX-REM-002 replay] applying /tmp/tmp.GTT6ru7Hzb/20260815164000_ediel_brp_active_state_hotfix.sql
[GRIDEX-REM-002 replay] applying /tmp/tmp.GTT6ru7Hzb/20260815170500_contract_publication_channel_readiness.sql
[GRIDEX-REM-002 replay] applying /tmp/tmp.GTT6ru7Hzb/20260815210353_restrict_recent_security_definer_rpcs.sql
[GRIDEX-REM-002 replay] applying /tmp/tmp.GTT6ru7Hzb/20260815220000_contract_publication_successor_transition_order.sql
[GRIDEX-REM-002 replay] applying /tmp/tmp.GTT6ru7Hzb/20260815233059_tenant_website_installation_completion_v1.sql
[GRIDEX-REM-002 replay] applying /tmp/tmp.GTT6ru7Hzb/20260815233411_tenant_website_installation_completion_trigger_v1.sql
[GRIDEX-REM-002 replay] applying /tmp/tmp.GTT6ru7Hzb/20260816101505_partner_api_v1_multicompany_foundation.sql
[GRIDEX-REM-002 replay] applying /tmp/tmp.GTT6ru7Hzb/20260816135746_partner_api_v1_transactional_contract_create.sql
[GRIDEX-REM-002 replay] applying /tmp/tmp.GTT6ru7Hzb/20260816165000_partner_api_customer_billing_replay_parity.sql
[GRIDEX-REM-002 replay] applying /tmp/tmp.GTT6ru7Hzb/20260816170000_partner_api_v1_canonical_surface_events.sql
[GRIDEX-REM-002 replay] applying /tmp/tmp.GTT6ru7Hzb/20260817083859_partner_postal_grid_materialization.sql
[GRIDEX-REM-002 replay] applying /tmp/tmp.GTT6ru7Hzb/20260817094125_papilite_verified_postal_learning.sql
[GRIDEX-REM-002 replay] applying /tmp/tmp.GTT6ru7Hzb/20260817124500_site_resolution_materialization_guard.sql
[GRIDEX-REM-002 replay] applying /tmp/tmp.GTT6ru7Hzb/20260817210500_fix_canonical_provision_company_request_hash.sql
[GRIDEX-REM-002 replay] applying /tmp/tmp.GTT6ru7Hzb/20260818121500_master_production_remediation_p0.sql
[GRIDEX-REM-002 replay] applying /tmp/tmp.GTT6ru7Hzb/20260818124500_internal_pricing_and_event_truth.sql
[GRIDEX-REM-002 replay] applying /tmp/tmp.GTT6ru7Hzb/20260818150000_internal_helper_schema_convergence.sql
[GRIDEX-REM-002 replay] applying /tmp/tmp.GTT6ru7Hzb/20260818155122_master_remediation_review_fixes.sql
[GRIDEX-REM-002 replay] applying /tmp/tmp.GTT6ru7Hzb/20260818165847_canonical_online_signature_v1.sql
[GRIDEX-REM-002 replay] applying /tmp/tmp.GTT6ru7Hzb/20260818170119_canonical_online_signature_internal_create_hotfix.sql
[GRIDEX-REM-002 replay] applying /tmp/tmp.GTT6ru7Hzb/20260818170213_contract_signature_date_semantics.sql
[GRIDEX-REM-002 replay] applying /tmp/tmp.GTT6ru7Hzb/20260818170828_signed_contract_document_hash_binding.sql
[GRIDEX-REM-002 replay] applying /tmp/tmp.GTT6ru7Hzb/20260818173236_online_signature_tenant_email_readiness.sql
[GRIDEX-REM-002 replay] applying /tmp/tmp.GTT6ru7Hzb/20260819070622_pr164_review_remediation_v2.sql
[GRIDEX-REM-002 replay] applying /tmp/tmp.GTT6ru7Hzb/20260819111204_email_event_contract_and_certificate_refresh_hardening.sql
[GRIDEX-REM-002 replay] applying /tmp/tmp.GTT6ru7Hzb/20260819111612_email_dispatch_readiness_variable_contract.sql
[GRIDEX-REM-002 replay] applying /tmp/tmp.GTT6ru7Hzb/20260819112000_tenant_api_checkout_delivery_performance.sql
[GRIDEX-REM-002 replay] applying /tmp/tmp.GTT6ru7Hzb/20260820113132_invoice_export_locked_pricing_guard.sql
[GRIDEX-REM-002 replay] applying /tmp/tmp.GTT6ru7Hzb/20260820213000_tenant_scoped_post_auth_website_applications.sql
[GRIDEX-REM-002 replay] applying /tmp/tmp.GTT6ru7Hzb/20260821103000_customer_identity_consistency_and_webhook_readiness.sql
[GRIDEX-REM-002 replay] applying /tmp/tmp.GTT6ru7Hzb/20260821133000_site_scoped_customer_process_p0.sql
[GRIDEX-REM-002 replay] applying /tmp/tmp.GTT6ru7Hzb/20260821134500_customer_process_site_summary.sql
[GRIDEX-REM-002 replay] applying /tmp/tmp.GTT6ru7Hzb/20260821135500_enforce_site_summary_and_request_idempotency.sql
[GRIDEX-REM-002 replay] applying /tmp/tmp.GTT6ru7Hzb/20260821140500_canonical_supplier_switch_prodat_variant.sql
[GRIDEX-REM-002 replay] applying /tmp/tmp.GTT6ru7Hzb/20260821142000_typed_z02_operation_job_correlation_gate.sql
[GRIDEX-REM-002 replay] applying /tmp/tmp.GTT6ru7Hzb/20260821142500_typed_z02_rff_extractor_hotfix.sql
[GRIDEX-REM-002 replay] applying /tmp/tmp.GTT6ru7Hzb/20260821144000_grid_owner_request_responsibility_and_template_audit.sql
[GRIDEX-REM-002 replay] applying /tmp/tmp.GTT6ru7Hzb/20260821145500_atomic_correlated_z02_core_apply.sql
[GRIDEX-REM-002 replay] applying /tmp/tmp.GTT6ru7Hzb/20260821151000_restrict_site_scoped_z02_definers.sql
[GRIDEX-REM-002 replay] applying /tmp/tmp.GTT6ru7Hzb/20260821165300_prodat_identity_and_z02_li_compliance.sql
[GRIDEX-REM-002 replay] applying /tmp/tmp.GTT6ru7Hzb/20260822010000_prodat_26a_semantic_hardening.sql
[GRIDEX-REM-002 replay] applying /tmp/tmp.GTT6ru7Hzb/20260822011000_supplier_switch_transport_ack_guard.sql
[GRIDEX-REM-002 replay] applying /tmp/tmp.GTT6ru7Hzb/20260822011100_supplier_switch_z04_confirmed_alias_guard.sql
[GRIDEX-REM-002 replay] applying /tmp/tmp.GTT6ru7Hzb/20260822012000_supplier_switch_effective_date_guard.sql
[GRIDEX-REM-002 replay] applying /tmp/tmp.GTT6ru7Hzb/20260822103821_non_expiring_website_quotes.sql
[GRIDEX-REM-002 replay] applying /tmp/tmp.GTT6ru7Hzb/20260822130000_utilts_aperak_contrl_central_engine.sql
[GRIDEX-REM-002 replay] applying /tmp/tmp.GTT6ru7Hzb/20260822223013_tenant_api_bundle_operation_entitlement.sql
[GRIDEX-REM-002 replay] applying /tmp/tmp.GTT6ru7Hzb/20260822224708_canonical_ediel_production_projection_convergence.sql
[GRIDEX-REM-002 replay] applying /tmp/tmp.GTT6ru7Hzb/20260823185028_fix_customer_process_summary_intake_status.sql
[GRIDEX-REM-002 replay] applying /tmp/tmp.GTT6ru7Hzb/20260823185352_align_customer_contract_quarterly_type.sql
[GRIDEX-REM-002 replay] applying /tmp/tmp.GTT6ru7Hzb/20260823201059_normalize_customer_portal_identity_match_strength.sql
[GRIDEX-REM-002 replay] applying /tmp/tmp.GTT6ru7Hzb/20260823201716_canonical_customer_portal_match_strength_convergence.sql
[GRIDEX-REM-002 replay] applying /tmp/tmp.GTT6ru7Hzb/20260823204821_enforce_contract_price_snapshot_hash_integrity.sql
[GRIDEX-REM-002 replay] applying /tmp/tmp.GTT6ru7Hzb/20260824070634_fix_customer_application_workflow_output_ambiguity.sql
[GRIDEX-REM-002 replay] applying /tmp/tmp.GTT6ru7Hzb/20260824080448_unique_postal_city_provisional_grid_owner.sql
[GRIDEX-REM-002 replay] applying /tmp/tmp.GTT6ru7Hzb/20260824132814_customer_application_runtime_contract_convergence.sql
[GRIDEX-REM-002 replay] applying /tmp/tmp.GTT6ru7Hzb/20260824134340_customer_application_runtime_readiness_contract.sql
[GRIDEX-REM-002 replay] applying supabase/bootstrap/20260824_powers_of_attorney_legal_bundle_version_document_prerequisite.sql
[GRIDEX-REM-002 replay] applying /tmp/tmp.GTT6ru7Hzb/20260824140830_website_poa_materialization_and_grid_owner_send_guard.sql
[GRIDEX-REM-002 replay] applying /tmp/tmp.GTT6ru7Hzb/20260824145700_customer_application_grid_owner_dependency_wait.sql
[GRIDEX-REM-002 replay] applying /tmp/tmp.GTT6ru7Hzb/20260824150500_customer_application_dependency_wait_state_projection.sql
[GRIDEX-REM-002 replay] applying /tmp/tmp.GTT6ru7Hzb/20260824151800_exact_address_cache_street_number.sql
[GRIDEX-REM-002 replay] applying /tmp/tmp.GTT6ru7Hzb/20260824153500_site_verified_grid_owner_manual_outbox_guard.sql
[GRIDEX-REM-002 replay] applying /tmp/tmp.GTT6ru7Hzb/20260824190000_gridex_inbound_operations_foundation.sql
[GRIDEX-REM-002 replay] applying /tmp/tmp.GTT6ru7Hzb/20260825091402_allow_postal_centroid_price_area_assurance_source.sql
[GRIDEX-REM-002 replay] applying /tmp/tmp.GTT6ru7Hzb/20260825093400_facility_geographic_owner_outbox_guard.sql
[GRIDEX-REM-002 replay] applying /tmp/tmp.GTT6ru7Hzb/20260825112000_ops_precision_resolution_authority.sql
[GRIDEX-REM-002 replay] applying /tmp/tmp.GTT6ru7Hzb/20260825135425_canonical_website_legal_blocker_invariant.sql
[GRIDEX-REM-002 replay] applying /tmp/tmp.GTT6ru7Hzb/20260825140234_canonical_website_legal_response_payload_invariant.sql
[GRIDEX-REM-002 replay] applying /tmp/tmp.GTT6ru7Hzb/20260825235900_gridex_customer_status_counts_v1.sql
[GRIDEX-REM-002 replay] applying /tmp/tmp.GTT6ru7Hzb/20260826093000_platform_dashboard_and_rls_read_performance.sql
[GRIDEX-REM-002 replay] applying /tmp/tmp.GTT6ru7Hzb/20260826103000_electricity_suppliers_masterdata_rls_guard.sql
[GRIDEX-REM-002 replay] applying /tmp/tmp.GTT6ru7Hzb/20260826213000_invoice_review_projection_sync.sql
[GRIDEX-REM-002 replay] applying /tmp/tmp.GTT6ru7Hzb/20260827111400_add_actor_identifier_ediel_lookup_index.sql
[GRIDEX-REM-002 replay] applying /tmp/tmp.GTT6ru7Hzb/20260827124127_optimize_grid_owner_actor_matching_regression_safe_v2.sql
[GRIDEX-REM-002 replay] applying /tmp/tmp.GTT6ru7Hzb/20260827125003_optimize_platform_grid_owner_sync_join.sql
[GRIDEX-REM-002 replay] applying /tmp/tmp.GTT6ru7Hzb/20260827125221_optimize_grid_owner_backfill_antijoins_v2.sql
[GRIDEX-REM-002 replay] applying /tmp/tmp.GTT6ru7Hzb/20260827130351_skip_noop_grid_owner_link_writes.sql
[GRIDEX-REM-002 replay] applying /tmp/tmp.GTT6ru7Hzb/20260827134553_tenant_integrity_auditor_v1.sql
[GRIDEX-REM-002 replay] applying /tmp/tmp.GTT6ru7Hzb/20260827134617_tenant_integrity_auditor_v1_uuid_aggregate_hotfix.sql
[GRIDEX-REM-002 replay] applying /tmp/tmp.GTT6ru7Hzb/20260827134827_tenant_integrity_effective_latest_views.sql
[GRIDEX-REM-002 replay] applying /tmp/tmp.GTT6ru7Hzb/20260827135630_tenant_integrity_requested_by_fk_index.sql
[GRIDEX-REM-002 replay] applying /tmp/tmp.GTT6ru7Hzb/20260827175502_canonical_ediel_tenant_identity_valid_from_correction.sql
[GRIDEX-REM-002 replay] applying /tmp/tmp.GTT6ru7Hzb/20260827193000_canonical_ediel_tenant_identity_and_legacy_route_cleanup.sql
[GRIDEX-REM-002 replay] applying /tmp/tmp.GTT6ru7Hzb/20260827201000_canonical_ediel_tenant_identity_valid_from_post_backfill.sql
[GRIDEX-REM-002 replay] applying /tmp/tmp.GTT6ru7Hzb/20260828225000_ediel_canonical_deadline_authority.sql
[GRIDEX-REM-002 replay] applying /tmp/tmp.GTT6ru7Hzb/20260829140500_operations_foundation_contract_lifecycle_v1.sql
[GRIDEX-REM-002 replay] applying /tmp/tmp.GTT6ru7Hzb/20260829143000_operations_outcome_search_path_hardening.sql
[GRIDEX-REM-002 replay] applying /tmp/tmp.GTT6ru7Hzb/20260829194612_white_label_membership_rls_recursion_fix.sql
[GRIDEX-REM-002 replay] applying /tmp/tmp.GTT6ru7Hzb/20260830012000_grid_owner_backfill_unique_match_guard_v2.sql
[GRIDEX-REM-002 replay] applying /tmp/tmp.GTT6ru7Hzb/20260830012500_tenant_integrity_outbound_schema_safe_v2.sql
[GRIDEX-REM-002 replay] applying /tmp/tmp.GTT6ru7Hzb/20260830091937_manual_inbound_canonical_correlation_parity.sql
[GRIDEX-REM-002 replay] applying /tmp/tmp.GTT6ru7Hzb/20260830102119_manual_inbound_tenant_graph_hardening.sql
[GRIDEX-REM-002 replay] applying /tmp/tmp.GTT6ru7Hzb/20260830103610_manual_inbound_tenant_graph_trigger_contract.sql
[GRIDEX-REM-002 replay] applying /tmp/tmp.GTT6ru7Hzb/20260830144914_validate_ediel_active_binding_constraint.sql
[GRIDEX-REM-002 replay] applying /tmp/tmp.GTT6ru7Hzb/20260831093531_fix_contract_snapshot_null_schema_guard.sql
[GRIDEX-REM-002 replay] applying /tmp/tmp.GTT6ru7Hzb/20260831094500_customer_authorization_documents_contract_link_foundation.sql
[GRIDEX-REM-002 replay] applying /tmp/tmp.GTT6ru7Hzb/20260831095000_admin_signed_contract_import_canonicalization.sql
[GRIDEX-REM-002 replay] applying /tmp/tmp.GTT6ru7Hzb/20260901084000_harden_gridex_point_to_grid_area_search_path.sql
[GRIDEX-REM-002 replay] applying /tmp/tmp.GTT6ru7Hzb/20260901120500_harden_canonical_ediel_runtime_contracts.sql
[GRIDEX-REM-002 replay] applying /tmp/tmp.GTT6ru7Hzb/20260901121800_align_ediel_rule_pack_snapshot_fk_with_canonical_message_profiles.sql
[GRIDEX-REM-002 replay] applying /tmp/tmp.GTT6ru7Hzb/20260901151000_canonical_contract_price_area_binding_schema.sql
[GRIDEX-REM-002 replay] applying /tmp/tmp.GTT6ru7Hzb/20260901151100_repair_invoice_test_contract_price_area_snapshot.sql
[GRIDEX-REM-002 replay] applying /tmp/tmp.GTT6ru7Hzb/20260901152500_canonicalize_billing_underlay_stockholm_period_semantics.sql
[GRIDEX-REM-002 replay] applying /tmp/tmp.GTT6ru7Hzb/20260901163500_bind_canonical_rule_pack_evidence_on_inbound_ediel.sql
[GRIDEX-REM-002 replay] applying /tmp/tmp.GTT6ru7Hzb/20260901165000_metering_value_source_provenance_for_idempotent_recovery.sql
[GRIDEX-REM-002 replay] applying /tmp/tmp.GTT6ru7Hzb/20260901165500_link_ediel_sources_during_atomic_metering_ingest_recovery.sql
[GRIDEX-REM-002 replay] applying /tmp/tmp.GTT6ru7Hzb/20260902090000_tenant_scoped_unique_business_keys.sql
[GRIDEX-REM-002 replay] applying /tmp/tmp.GTT6ru7Hzb/20260902091000_company_scoped_permission_engine.sql
[GRIDEX-REM-002 replay] applying /tmp/tmp.GTT6ru7Hzb/20260902092000_view_security_invoker_and_dead_policy_cleanup.sql
[GRIDEX-REM-002 replay] applying supabase/bootstrap/20260902_inbound_email_dedupe_replay_prerequisite.sql
[GRIDEX-REM-002 replay] applying /tmp/tmp.GTT6ru7Hzb/20260902093000_explicit_tenant_scope_and_inbound_quarantine.sql
[GRIDEX-REM-002 replay] applying /tmp/tmp.GTT6ru7Hzb/20260902094000_platform_table_classification_and_invariant_gate.sql
[GRIDEX-REM-002 replay] applying /tmp/tmp.GTT6ru7Hzb/20260902094500_decouple_contract_sales_from_ediel_send_state.sql
[GRIDEX-REM-002 replay] applying /tmp/tmp.GTT6ru7Hzb/20260902094600_fix_canonical_transition_request_hash_rewrite.sql
[GRIDEX-REM-002 replay] applying /tmp/tmp.GTT6ru7Hzb/20260902095000_lock_customer_chain_with_composite_keys.sql
[GRIDEX-REM-002 replay] applying supabase/bootstrap/20260902_inbound_ediel_pipeline_replay_prerequisite.sql
[GRIDEX-REM-002 replay] applying /tmp/tmp.GTT6ru7Hzb/20260902096000_attribute_quarantined_inbound_by_receiver_ediel_id.sql
[GRIDEX-REM-002 replay] applying supabase/bootstrap/20260902_grid_owner_name_key_replay_prerequisite.sql
[GRIDEX-REM-002 replay] applying /tmp/tmp.GTT6ru7Hzb/20260902100000_rpc_surface_and_permission_scope_corrections.sql
[GRIDEX-REM-002 replay] applying /tmp/tmp.GTT6ru7Hzb/20260902100045_fix_website_poa_scope_and_grid_owner_aliases.sql
[GRIDEX-REM-002 replay] applying supabase/bootstrap/20260902_white_label_admin_membership_hygiene_replay_shim.sql
[GRIDEX-REM-002 replay] applying /tmp/tmp.GTT6ru7Hzb/20260902100500_close_remaining_advisor_hygiene.sql
[GRIDEX-REM-002 replay] applying /tmp/tmp.GTT6ru7Hzb/20260902135605_restore_website_application_trigger_helper_privileges.sql
[GRIDEX-REM-002 replay] applying /tmp/tmp.GTT6ru7Hzb/20260902221400_restore_customer_site_current_supplier_org_number.sql
[GRIDEX-REM-002 replay] applying /tmp/tmp.GTT6ru7Hzb/20260902221500_facility_initial_address_and_unknown_supplier_semantics.sql
[GRIDEX-REM-002 replay] applying /tmp/tmp.GTT6ru7Hzb/20260902223600_restore_grid_owner_data_request_partner_response_tracking.sql
[GRIDEX-REM-002 replay] applying /tmp/tmp.GTT6ru7Hzb/20260903070000_harden_inbound_z02_required_payload_gate.sql
[GRIDEX-REM-002 replay] applying /tmp/tmp.GTT6ru7Hzb/20260903090000_atomic_supplier_switch_activation_sweep.sql
[GRIDEX-REM-002 replay] applying /tmp/tmp.GTT6ru7Hzb/20260903140000_customer_info_blocker_details_contract_guard.sql
[GRIDEX-REM-002 replay] applying /tmp/tmp.GTT6ru7Hzb/20260903150000_ediel_global_policy_readiness_propagation.sql
[GRIDEX-REM-002 replay] applying /tmp/tmp.GTT6ru7Hzb/20260903160000_ediel_send_lock_state_convergence.sql
[GRIDEX-REM-002 replay] applying /tmp/tmp.GTT6ru7Hzb/20260903161000_ediel_send_lock_release_requeues_outbox.sql
[GRIDEX-REM-002 replay] applying /tmp/tmp.GTT6ru7Hzb/20260903162000_ediel_tenant_readiness_revalidation.sql
[GRIDEX-REM-002 replay] applying /tmp/tmp.GTT6ru7Hzb/20260903163000_ediel_system_readiness_snapshot_access.sql
[GRIDEX-REM-002 replay] applying /tmp/tmp.GTT6ru7Hzb/20260903164000_ediel_readiness_trigger_convergence.sql
[GRIDEX-REM-002 replay] applying /tmp/tmp.GTT6ru7Hzb/20260903213000_z02_snapshot_market_context_guard.sql
[GRIDEX-REM-002 replay] applying /tmp/tmp.GTT6ru7Hzb/20260904090000_z01_parallel_sla_watchdog.sql
[GRIDEX-REM-002 replay] applying /tmp/tmp.GTT6ru7Hzb/20260904093000_z01_sla_watchdog_event_contract_fix.sql
[GRIDEX-REM-002 replay] applying /tmp/tmp.GTT6ru7Hzb/20260904100000_z01_sla_late_response_resolution.sql
[GRIDEX-REM-002 replay] applying /tmp/tmp.GTT6ru7Hzb/20260904103000_z01_sla_watchdog_candidate_convergence.sql
[GRIDEX-REM-002 replay] applying /tmp/tmp.GTT6ru7Hzb/20260904120000_canonical_tenant_invariant_convergence.sql
[GRIDEX-REM-002 replay] applying /tmp/tmp.GTT6ru7Hzb/20260921171346_ediel_inbound_prodat_source_seal.sql
[GRIDEX-REM-002 replay] applying /tmp/tmp.GTT6ru7Hzb/20260921224255_ediel_inbound_prodat_receive_context.sql
[GRIDEX-REM-002 replay] applying /tmp/tmp.GTT6ru7Hzb/20260922095911_ediel_received_source_ledger.sql
[GRIDEX-REM-002 replay] applying /tmp/tmp.GTT6ru7Hzb/20260922105251_ediel_received_discovery_shape.sql
[GRIDEX-REM-002 replay] applying /tmp/tmp.GTT6ru7Hzb/20260922131136_ediel_received_register_validation.sql
[GRIDEX-REM-002 replay] applying /tmp/tmp.GTT6ru7Hzb/20260922144906_ediel_source_object_decisions.sql
[GRIDEX-REM-002 replay] applying /tmp/tmp.GTT6ru7Hzb/20260922150922_ediel_source_decision_snapshots.sql
[GRIDEX-REM-002 replay] applying /tmp/tmp.GTT6ru7Hzb/20260922152602_ediel_register_message_line_scope.sql
[GRIDEX-REM-002 replay] applying /tmp/tmp.GTT6ru7Hzb/20260922175540_ediel_source_owner_timezone.sql
[GRIDEX-REM-002 replay] applying /tmp/tmp.GTT6ru7Hzb/20260922205926_ediel_reviewed_structural_source.sql
[GRIDEX-REM-002 replay] applying /tmp/tmp.GTT6ru7Hzb/20260923074910_ediel_z06e_context_owner_gate.sql
[GRIDEX-REM-002 replay] applying /tmp/tmp.GTT6ru7Hzb/20260923103000_ediel_utilts_committed_retry_guard.sql
[GRIDEX-REM-002 replay] applying /tmp/tmp.GTT6ru7Hzb/20260923113000_ediel_utilts_ack_plan_reservation.sql
[GRIDEX-REM-002 replay] applying /tmp/tmp.GTT6ru7Hzb/20260923113014_ediel_closure_original_wire_binding.sql
[GRIDEX-REM-002 replay] applying /tmp/tmp.GTT6ru7Hzb/20260923114703_ediel_reviewed_closure_source.sql
[GRIDEX-REM-002 replay] applying /tmp/tmp.GTT6ru7Hzb/20260923124645_ediel_closure_snapshot_expression.sql
[GRIDEX-REM-002 replay] applying /tmp/tmp.GTT6ru7Hzb/20260923135706_ediel_utilts_consumption_binding_v1.sql
[GRIDEX-REM-002 replay] applying /tmp/tmp.GTT6ru7Hzb/20260923150649_ediel_utilts_bound_sink_authority.sql
[GRIDEX-REM-002 replay] applying /tmp/tmp.GTT6ru7Hzb/20260923154221_ediel_utilts_existing_billing_binding.sql
[GRIDEX-REM-002 replay] applying /tmp/tmp.GTT6ru7Hzb/20260923180557_restore_customer_case_events_atomic_status.sql
[GRIDEX-REM-002 replay] applying /tmp/tmp.GTT6ru7Hzb/20260923191510_ediel_utilts_consumer_content_identity.sql
[GRIDEX-REM-002 replay] applying /tmp/tmp.GTT6ru7Hzb/20260923192915_classify_customer_case_events.sql
[GRIDEX-REM-002 replay] applying /tmp/tmp.GTT6ru7Hzb/20260923231731_ediel_correction_concern_capture.sql
[GRIDEX-REM-002 replay] applying /tmp/tmp.GTT6ru7Hzb/20260924001447_ediel_correction_capture_canonical_permission.sql
[GRIDEX-REM-002 replay] applying /tmp/tmp.GTT6ru7Hzb/20260924003708_communication_permission_registry_completion.sql
[GRIDEX-REM-002 replay] applying /tmp/tmp.GTT6ru7Hzb/20260924003724_company_direct_permission_scope_repair.sql
[GRIDEX-REM-002 replay] applying /tmp/tmp.GTT6ru7Hzb/20260924013820_document_reference_context.sql
[GRIDEX-REM-002 replay] applying /tmp/tmp.GTT6ru7Hzb/20260924021718_customer_read_permission_registry_completion.sql
[GRIDEX-REM-002 replay] applying /tmp/tmp.GTT6ru7Hzb/20260924031626_correction_outbound_dispatch_fence_v1.sql
[GRIDEX-REM-002 replay] applying /tmp/tmp.GTT6ru7Hzb/20260924073337_correction_process_facts_v1.sql
[GRIDEX-REM-002 replay] applying /tmp/tmp.GTT6ru7Hzb/20260924080601_correction_process_witness_v1.sql
[GRIDEX-REM-002 replay] applying /tmp/tmp.GTT6ru7Hzb/20260924083045_correction_process_scope_gap_v2.sql
[GRIDEX-REM-002 replay] applying /tmp/tmp.GTT6ru7Hzb/20260924085942_correction_process_readset_v1.sql
[GRIDEX-REM-002 replay] applying /tmp/tmp.GTT6ru7Hzb/20260924111700_correction_process_point_alias_scope_v3.sql
[GRIDEX-REM-002 replay] applying /tmp/tmp.GTT6ru7Hzb/20260924120822_e035_combined_correction_snapshot.sql
[GRIDEX-REM-002 replay] applying /tmp/tmp.GTT6ru7Hzb/20260924145224_correction_process_archive_dates_v4.sql
[GRIDEX-REM-002 replay] applying /tmp/tmp.GTT6ru7Hzb/20260924181019_e035_combined_outbound_document_readset.sql
[GRIDEX-REM-002 replay] applying /tmp/tmp.GTT6ru7Hzb/20260924221000_e035_combined_subject_scope.sql
[GRIDEX-REM-002 replay] applying /tmp/tmp.GTT6ru7Hzb/20260925072500_e035_combined_source_concern_scope.sql
[GRIDEX-REM-002 replay] applying /tmp/tmp.GTT6ru7Hzb/20260925090000_e035_combined_historical_alias_scope.sql
[GRIDEX-REM-002 replay] applying /tmp/tmp.GTT6ru7Hzb/20260925094500_e035_combined_source_scope_projection.sql
[GRIDEX-REM-002 replay] applying /tmp/tmp.GTT6ru7Hzb/20260925101500_e035_structural_source_point_projection.sql
[GRIDEX-REM-002 replay] applying /tmp/tmp.GTT6ru7Hzb/20260925110000_e035_source_scope_envelope_uniqueness.sql
[GRIDEX-REM-002 replay] applying /tmp/tmp.GTT6ru7Hzb/20260925113000_e035_source_scope_bgm_order.sql
[GRIDEX-REM-002 replay] applying /tmp/tmp.GTT6ru7Hzb/20260925114500_e035_outbound_unsealed_scope_wildcard.sql
[GRIDEX-REM-002 replay] applying /tmp/tmp.GTT6ru7Hzb/20260925120000_e035_switch_event_owner_binding.sql
[GRIDEX-REM-002 replay] applying /tmp/tmp.GTT6ru7Hzb/20260925123000_case_lifecycle_conditional_columns_repair.sql
[GRIDEX-REM-002 replay] applying /tmp/tmp.GTT6ru7Hzb/20260925130000_customer_case_write_permission_registry_completion.sql
[GRIDEX-REM-002 replay] applying /tmp/tmp.GTT6ru7Hzb/20260925140000_e035_switch_event_historical_scope.sql
[GRIDEX-REM-002 replay] applying /tmp/tmp.GTT6ru7Hzb/20260925150000_e035_switch_event_owner_history.sql
[GRIDEX-REM-002 replay] applying /tmp/tmp.GTT6ru7Hzb/20260925154500_e035_switch_event_uuid_shape.sql
[GRIDEX-REM-002 replay] applying /tmp/tmp.GTT6ru7Hzb/20260925163000_e035_switch_request_point_owner_scope.sql
[GRIDEX-REM-002 replay] applying /tmp/tmp.GTT6ru7Hzb/20260925173000_e035_combined_outbound_raw_candidate_scope.sql
[GRIDEX-REM-002 replay] applying /tmp/tmp.GTT6ru7Hzb/20260925233000_e035_outbound_unknown_wire_fence.sql
[GRIDEX-REM-002 replay] applying /tmp/tmp.GTT6ru7Hzb/20260925234000_e035_outbound_lk_scope_reason.sql
[GRIDEX-REM-002 replay] applying /tmp/tmp.GTT6ru7Hzb/20260925235000_e035_outbound_lk_wire_identity.sql
[GRIDEX-REM-002 replay] applying /tmp/tmp.GTT6ru7Hzb/20260926173514_ediel_ack_route_scope.sql
[GRIDEX-REM-002 replay] applying /tmp/tmp.GTT6ru7Hzb/20260926213000_utilts_ide_qualifier_membership.sql
[GRIDEX-REM-002 replay] applying /tmp/tmp.GTT6ru7Hzb/20260927160000_utilts_internal_storage_error_atomic_hold.sql
[GRIDEX-REM-002 replay] applying /tmp/tmp.GTT6ru7Hzb/20260928130148_utilts_mixed_172_175_consumption_fence.sql
[GRIDEX-REM-002 replay] applying /tmp/tmp.GTT6ru7Hzb/20260928173000_utilts_unowned_regulating_object_sink_fence.sql
[GRIDEX-REM-002 replay] applying /tmp/tmp.GTT6ru7Hzb/20260928181500_utilts_held_retry_stable_reservation.sql
[GRIDEX-REM-002 replay] applying /tmp/tmp.GTT6ru7Hzb/20260928201500_utilts_late_175_physical_ide_fence.sql
[GRIDEX-REM-002 replay] applying /tmp/tmp.GTT6ru7Hzb/20260928215000_utilts_late_172_physical_ide_fence.sql
[GRIDEX-REM-002 replay] applying /tmp/tmp.GTT6ru7Hzb/20260928234022_utilts_s01_empty_contract_point_identity.sql
[GRIDEX-REM-002 replay] applying /tmp/tmp.GTT6ru7Hzb/20260928235411_utilts_s01_object_owner_precedence.sql
[GRIDEX-REM-002 replay] applying /tmp/tmp.GTT6ru7Hzb/20260929082115_document_reference_millisecond_observation_boundary.sql
[GRIDEX-REM-002 replay] applying /tmp/tmp.GTT6ru7Hzb/20260929170231_utilts_e73_empty_request_point_identity.sql
[GRIDEX-REM-002 replay] applying /tmp/tmp.GTT6ru7Hzb/20260929202207_utilts_e72_empty_request_point_identity.sql
[GRIDEX-REM-002 replay] applying /tmp/tmp.GTT6ru7Hzb/20260929234037_utilts_s02_required_physical_scope.sql
[GRIDEX-REM-002 replay] applying /tmp/tmp.GTT6ru7Hzb/20260930143025_ediel_service_assignment_grants_v1.sql
[GRIDEX-REM-002 replay] applying /tmp/tmp.GTT6ru7Hzb/20260930143048_utilts_positive_ack_storage_authority.sql
[GRIDEX-REM-002 replay] applying /tmp/tmp.GTT6ru7Hzb/20260930144205_ediel_permission_source_atomic_transitions.sql
[GRIDEX-REM-002 replay] applying /tmp/tmp.GTT6ru7Hzb/20260930145115_ediel_generic_transport_attempts_v1.sql
[GRIDEX-REM-002 replay] applying /tmp/tmp.GTT6ru7Hzb/20260930145202_ediel_scoped_capability_readiness.sql
[GRIDEX-REM-002 replay] applying /tmp/tmp.GTT6ru7Hzb/20260930145350_ediel_utilts_exact_decimal_contract_v2.sql
[GRIDEX-REM-002 replay] applying /tmp/tmp.GTT6ru7Hzb/20260930150622_utilts_positive_ack_own_dm_scope.sql
[GRIDEX-REM-002 replay] applying /tmp/tmp.GTT6ru7Hzb/20260930153118_ediel_actor_legal_identity_name_search_v1.sql
[GRIDEX-REM-002 replay] applying /tmp/tmp.GTT6ru7Hzb/20260930153955_ediel_supply_source_transitions.sql
[GRIDEX-REM-002 replay] applying /tmp/tmp.GTT6ru7Hzb/20260930154424_ediel_readiness_current_rule_dependencies.sql
[GRIDEX-REM-002 replay] applying /tmp/tmp.GTT6ru7Hzb/20260930154552_ediel_z02_source_owned_core.sql
[GRIDEX-REM-002 replay] applying /tmp/tmp.GTT6ru7Hzb/20260930154712_ediel_source_bound_business_expectations_v1.sql
[GRIDEX-REM-002 replay] applying /tmp/tmp.GTT6ru7Hzb/20260930161624_ediel_supply_market_source_lifecycle.sql
[GRIDEX-REM-002 replay] applying /tmp/tmp.GTT6ru7Hzb/20260930161718_ediel_utilts_e30_energy_source_and_null_quality.sql
[GRIDEX-REM-002 replay] applying /tmp/tmp.GTT6ru7Hzb/20260930161907_ediel_readiness_current_source_scope.sql
[GRIDEX-REM-002 replay] applying /tmp/tmp.GTT6ru7Hzb/20260930162005_ediel_service_permission_origination_v1.sql
[GRIDEX-REM-002 replay] applying /tmp/tmp.GTT6ru7Hzb/20260930163734_ediel_versioned_certificate_trust_authority_v1.sql
[GRIDEX-REM-002 replay] applying /tmp/tmp.GTT6ru7Hzb/20260930164356_ediel_transport_copy_read_v1.sql
[GRIDEX-REM-002 replay] applying /tmp/tmp.GTT6ru7Hzb/20260930164804_ediel_prodat_retry_correction_authority.sql
[GRIDEX-REM-002 replay] applying /tmp/tmp.GTT6ru7Hzb/20260930164947_ediel_z02_original_dispatch_proof.sql
[GRIDEX-REM-002 replay] applying /tmp/tmp.GTT6ru7Hzb/20260930165148_ediel_monotonic_route_security_dependencies.sql
[GRIDEX-REM-002 replay] applying /tmp/tmp.GTT6ru7Hzb/20260930165219_ediel_ai_processing_decision_consumer.sql
[GRIDEX-REM-002 replay] applying /tmp/tmp.GTT6ru7Hzb/20260930170047_ediel_readiness_current_source_provenance.sql
[GRIDEX-REM-002 replay] applying /tmp/tmp.GTT6ru7Hzb/20260930170258_ediel_business_expectation_applied_scope_v2.sql
[GRIDEX-REM-002 replay] applying /tmp/tmp.GTT6ru7Hzb/20260930170932_ediel_inbound_ack_source_atomic_authority.sql
[GRIDEX-REM-002 replay] applying /tmp/tmp.GTT6ru7Hzb/20260930171116_ediel_wire_reference_namespace.sql
[GRIDEX-REM-002 replay] applying /tmp/tmp.GTT6ru7Hzb/20260930171839_ediel_source_qualified_negative_fixture_v1.sql
[GRIDEX-REM-002 replay] applying /tmp/tmp.GTT6ru7Hzb/20260930172759_ediel_atomic_registry_import_v1.sql
[GRIDEX-REM-002 replay] applying /tmp/tmp.GTT6ru7Hzb/20260930173632_ediel_immutable_source_legal_context.sql
[GRIDEX-REM-002 replay] applying /tmp/tmp.GTT6ru7Hzb/20260930174145_ediel_ai_source_atomic_reconciliation.sql
[GRIDEX-REM-002 replay] applying /tmp/tmp.GTT6ru7Hzb/20260930174333_ediel_production_contract_source_commands.sql
[GRIDEX-REM-002 replay] applying /tmp/tmp.GTT6ru7Hzb/20260930175005_ediel_ack_read_source_admission_authority.sql
[GRIDEX-REM-002 replay] applying /tmp/tmp.GTT6ru7Hzb/20260930175405_ediel_billing_qualified_exact_source_basis.sql
[GRIDEX-REM-002 replay] applying /tmp/tmp.GTT6ru7Hzb/20260930175554_ediel_z08_dispatch_observation_clock_v1.sql
[GRIDEX-REM-002 replay] applying /tmp/tmp.GTT6ru7Hzb/20260930175725_ediel_source_authorized_transport_retry_cursor.sql
[GRIDEX-REM-002 replay] applying /tmp/tmp.GTT6ru7Hzb/20260930180104_ediel_immutable_source_rule_pack_basis.sql
[GRIDEX-REM-002 replay] applying /tmp/tmp.GTT6ru7Hzb/20260930180445_ediel_accepted_transport_projection_v1.sql
[GRIDEX-REM-002 replay] applying /tmp/tmp.GTT6ru7Hzb/20260930181141_ediel_ai_personal_mail_storage_guards.sql
[GRIDEX-REM-002 replay] applying /tmp/tmp.GTT6ru7Hzb/20260930181909_ediel_source_consumer_authority_bridges.sql
[GRIDEX-REM-002 replay] applying /tmp/tmp.GTT6ru7Hzb/20260930182758_ediel_current_service_origin_and_registry_conflict_guards.sql
[GRIDEX-REM-002 replay] applying /tmp/tmp.GTT6ru7Hzb/20260930183539_ediel_received_utilts_source_ledger.sql
[GRIDEX-REM-002 replay] applying /tmp/tmp.GTT6ru7Hzb/20260930184042_ediel_service_administration_commands_v1.sql
[GRIDEX-REM-002 replay] applying /tmp/tmp.GTT6ru7Hzb/20260930184410_ediel_protected_technical_contrl_source_basis.sql
[GRIDEX-REM-002 replay] applying /tmp/tmp.GTT6ru7Hzb/20260930190015_ediel_atomic_ack_original_rule_pack_read.sql
[GRIDEX-REM-002 replay] applying /tmp/tmp.GTT6ru7Hzb/20260930190449_ediel_recovery_intent_source_gateway.sql
[GRIDEX-REM-002 replay] applying /tmp/tmp.GTT6ru7Hzb/20260930190501_ediel_ai_message_personal_scope_guard.sql
[GRIDEX-REM-002 replay] applying /tmp/tmp.GTT6ru7Hzb/20260930191608_ediel_utilts_source_precision_guards.sql
[GRIDEX-REM-002 replay] applying /tmp/tmp.GTT6ru7Hzb/20260930192030_ediel_aperak_unused_document_namespace.sql
[GRIDEX-REM-002 replay] applying /tmp/tmp.GTT6ru7Hzb/20260930193136_ediel_locked_original_rule_pack_witness.sql
[GRIDEX-REM-002 replay] applying /tmp/tmp.GTT6ru7Hzb/20260930193612_ediel_structural_source_atomic_review_apply.sql
[GRIDEX-REM-002 replay] applying /tmp/tmp.GTT6ru7Hzb/20260930193722_ediel_outbound_canonical_owner_witness.sql
[GRIDEX-REM-002 replay] applying /tmp/tmp.GTT6ru7Hzb/20260930193740_ediel_utilts_canonical_transaction_facets.sql
[GRIDEX-REM-002 replay] applying /tmp/tmp.GTT6ru7Hzb/20260930194512_ediel_service_recovery_current_origin_bridge.sql
[GRIDEX-REM-002 replay] applying /tmp/tmp.GTT6ru7Hzb/20260930194905_ediel_dsn_source_observation_journal.sql
[GRIDEX-REM-002 replay] applying /tmp/tmp.GTT6ru7Hzb/20260930200005_ediel_persisted_technical_contrl_basis_read.sql
[GRIDEX-REM-002 replay] applying /tmp/tmp.GTT6ru7Hzb/20260930200545_ediel_brp_change_source_origination.sql
[GRIDEX-REM-002 replay] applying /tmp/tmp.GTT6ru7Hzb/20260930200633_ediel_outbound_witness_ack_scope_and_time_guards.sql
[GRIDEX-REM-002 replay] applying /tmp/tmp.GTT6ru7Hzb/20260930201111_ediel_normal_switch_source_atomic_confirmation.sql
[GRIDEX-REM-002 replay] applying /tmp/tmp.GTT6ru7Hzb/20260930201813_ediel_ai_outbound_source_authority.sql
[GRIDEX-REM-002 replay] applying /tmp/tmp.GTT6ru7Hzb/20260930202616_ediel_native_aperak_own_erc_scope.sql
[GRIDEX-REM-002 replay] applying /tmp/tmp.GTT6ru7Hzb/20260930203034_ediel_technical_syntax_ack_transport_route.sql
[GRIDEX-REM-002 replay] applying /tmp/tmp.GTT6ru7Hzb/20260930203320_ediel_ai_shared_transport_journal.sql
[GRIDEX-REM-002 replay] applying /tmp/tmp.GTT6ru7Hzb/20260930203322_ediel_z08_same_observed_stockholm_guide_date.sql
[GRIDEX-REM-002 replay] applying /tmp/tmp.GTT6ru7Hzb/20260930203354_ediel_ai_intent_source_origination.sql
[GRIDEX-REM-002 replay] applying /tmp/tmp.GTT6ru7Hzb/20260930203615_ediel_ack_first14_and_committed_replay.sql
[GRIDEX-REM-002 replay] applying /tmp/tmp.GTT6ru7Hzb/20260930204728_ediel_native_intent_and_source_request_guards.sql
[GRIDEX-REM-002 replay] applying /tmp/tmp.GTT6ru7Hzb/20260930204916_ediel_structural_supply_continuity.sql
[GRIDEX-REM-002 replay] applying /tmp/tmp.GTT6ru7Hzb/20260930204937_ediel_shared_accepted_source_basis.sql
[GRIDEX-REM-002 replay] applying /tmp/tmp.GTT6ru7Hzb/20260930204944_ediel_source_generated_native_ack_guide_constraints.sql
[GRIDEX-REM-002 replay] applying /tmp/tmp.GTT6ru7Hzb/20260930205032_ediel_structural_owner_preflight.sql
[GRIDEX-REM-002 replay] applying /tmp/tmp.GTT6ru7Hzb/20260930205320_ediel_prodat_common_header_rejection_authority.sql
[GRIDEX-REM-002 replay] applying /tmp/tmp.GTT6ru7Hzb/20260930211020_ediel_utilts_canonical_header_facets.sql
[GRIDEX-REM-002 replay] applying /tmp/tmp.GTT6ru7Hzb/20260930211156_ediel_brp_approved_supply_physical_scope.sql
[GRIDEX-REM-002 replay] applying /tmp/tmp.GTT6ru7Hzb/20260930211258_ediel_source_qualified_supply_closure_continuity.sql
[GRIDEX-REM-002 replay] applying /tmp/tmp.GTT6ru7Hzb/20260930211830_ediel_supply_source_initial_scope_continuity.sql
[GRIDEX-REM-002 replay] applying /tmp/tmp.GTT6ru7Hzb/20260930211852_ediel_h_dispatch_exact_original_latin1_bytes.sql
[GRIDEX-REM-002 replay] applying /tmp/tmp.GTT6ru7Hzb/20260930212435_ediel_source_qualified_positive_fixture_v1.sql
[GRIDEX-REM-002 replay] applying /tmp/tmp.GTT6ru7Hzb/20260930212911_ediel_utilts_canonical_functional_response_facets.sql
[GRIDEX-REM-002 replay] applying /tmp/tmp.GTT6ru7Hzb/20260930213117_ediel_contrl_empty_application_namespace.sql
[GRIDEX-REM-002 replay] applying /tmp/tmp.GTT6ru7Hzb/20260930213308_ediel_brp_positive_test_original_bridge.sql
[GRIDEX-REM-002 replay] applying /tmp/tmp.GTT6ru7Hzb/20260930213848_ediel_draft_owner_preparation_permissions.sql
[GRIDEX-REM-002 replay] applying /tmp/tmp.GTT6ru7Hzb/20260930213949_ediel_switch_intent_original_source_binding.sql
[GRIDEX-REM-002 replay] applying /tmp/tmp.GTT6ru7Hzb/20260930214323_ediel_native_utilts_err_own_functional_source_authority.sql
[GRIDEX-REM-002 replay] applying /tmp/tmp.GTT6ru7Hzb/20260930214933_ediel_switch_cancellation_source_origination.sql
[GRIDEX-REM-002 replay] applying /tmp/tmp.GTT6ru7Hzb/20260930215148_ediel_h_current_authorized_send_permission.sql
[GRIDEX-REM-002 replay] applying /tmp/tmp.GTT6ru7Hzb/20260930215206_ediel_common_negative_source_route.sql
[GRIDEX-REM-002 replay] applying /tmp/tmp.GTT6ru7Hzb/20260930215244_ediel_prodat_ignored_field_source_projection.sql
[GRIDEX-REM-002 replay] applying /tmp/tmp.GTT6ru7Hzb/20260930220523_ediel_utilts_global_functional_response_facets.sql
[GRIDEX-REM-002 replay] applying /tmp/tmp.GTT6ru7Hzb/20260930220632_ediel_native_utilts_err_explicit_own_response_scope.sql
[GRIDEX-REM-002 replay] applying /tmp/tmp.GTT6ru7Hzb/20260930220932_ediel_source_read_send_permission_contract.sql
[GRIDEX-REM-002 replay] applying /tmp/tmp.GTT6ru7Hzb/20260930220942_ediel_ai_prospective_original_authority.sql
[GRIDEX-REM-002 replay] applying /tmp/tmp.GTT6ru7Hzb/20260930221133_ediel_test_original_preparer_scope.sql
[GRIDEX-REM-002 replay] applying /tmp/tmp.GTT6ru7Hzb/20260930221158_ediel_source_qualified_switch_correction_binding.sql
[GRIDEX-REM-002 replay] applying /tmp/tmp.GTT6ru7Hzb/20260930221910_ediel_complete_technical_header_observation.sql
[GRIDEX-REM-002 replay] applying /tmp/tmp.GTT6ru7Hzb/20260930222834_ediel_registered_original_native_response_guides.sql
[GRIDEX-REM-002 replay] applying /tmp/tmp.GTT6ru7Hzb/20260930223407_ediel_atomic_accepted_source_projection.sql
[GRIDEX-REM-002 replay] applying /tmp/tmp.GTT6ru7Hzb/20260930223846_ediel_cancellation_request_environment_scope.sql
[GRIDEX-REM-002 replay] applying /tmp/tmp.GTT6ru7Hzb/20260930223930_ediel_outbound_ack_original_read_authority.sql
[GRIDEX-REM-002 replay] applying /tmp/tmp.GTT6ru7Hzb/20260930224443_ediel_outbound_ack_protected_replay.sql
[GRIDEX-REM-002 replay] applying /tmp/tmp.GTT6ru7Hzb/20260930224540_ediel_source_bound_requested_changes.sql
[GRIDEX-REM-002 replay] applying /tmp/tmp.GTT6ru7Hzb/20260930224726_ediel_prodat_mixed_own_object_processing.sql
[GRIDEX-REM-002 replay] applying /tmp/tmp.GTT6ru7Hzb/20260930224737_ediel_ai_environment_qualified_origination_permissions.sql
[GRIDEX-REM-002 replay] applying /tmp/tmp.GTT6ru7Hzb/20260930225411_ediel_source_generated_technical_expectation_plan.sql
[GRIDEX-REM-002 replay] applying /tmp/tmp.GTT6ru7Hzb/20260930225504_ediel_customer_agreed_metering_method_origination.sql
[GRIDEX-REM-002 replay] applying /tmp/tmp.GTT6ru7Hzb/20260930225819_ediel_original_response_scope_opaque_version.sql
[GRIDEX-REM-002 replay] applying /tmp/tmp.GTT6ru7Hzb/20260930230653_ediel_source_producer_physical_site_scope.sql
[GRIDEX-REM-002 replay] applying /tmp/tmp.GTT6ru7Hzb/20260930230944_ediel_source_bound_metering_method_expectations_v1.sql
[GRIDEX-REM-002 replay] applying /tmp/tmp.GTT6ru7Hzb/20260930230957_ediel_dated_structure_protected_point_read.sql
[GRIDEX-REM-002 replay] applying /tmp/tmp.GTT6ru7Hzb/20260930231350_ediel_same_admission_technical_timer_transport_guards.sql
[GRIDEX-REM-002 replay] applying /tmp/tmp.GTT6ru7Hzb/20260930231447_ediel_regulated_supply_internal_site_projection.sql
[GRIDEX-REM-002 replay] applying /tmp/tmp.GTT6ru7Hzb/20260930231633_ediel_service_permission_authentic_agreement_reference.sql
[GRIDEX-REM-002 replay] applying /tmp/tmp.GTT6ru7Hzb/20260930231746_ediel_native_prodat_ack_immutable_scope.sql
[GRIDEX-REM-002 replay] applying /tmp/tmp.GTT6ru7Hzb/20260930231958_ediel_atomic_ack_owner_persistence.sql
[GRIDEX-REM-002 replay] applying /tmp/tmp.GTT6ru7Hzb/20260930232100_ediel_requested_change_source_intake_and_review.sql
[GRIDEX-REM-002 replay] applying /tmp/tmp.GTT6ru7Hzb/20260930232155_ediel_production_contract_source_owned_site.sql
[GRIDEX-REM-002 replay] applying /tmp/tmp.GTT6ru7Hzb/20260930232522_ediel_canonical_logical_ack_native_identity.sql
[GRIDEX-REM-002 replay] applying /tmp/tmp.GTT6ru7Hzb/20260930232802_ediel_metering_method_complete_source_scope.sql
[GRIDEX-REM-002 replay] applying /tmp/tmp.GTT6ru7Hzb/20260930233247_ediel_customer_life_event_source_authority.sql
[GRIDEX-REM-002 replay] applying /tmp/tmp.GTT6ru7Hzb/20260930233300_ediel_signed_agreement_requested_method_source.sql
[GRIDEX-REM-002 replay] applying /tmp/tmp.GTT6ru7Hzb/20260930233357_ediel_atomic_accepted_message_and_source_repair.sql
[GRIDEX-REM-002 replay] applying /tmp/tmp.GTT6ru7Hzb/20260930233558_ediel_method_expectation_actor_scope_v1.sql
[GRIDEX-REM-002 replay] applying /tmp/tmp.GTT6ru7Hzb/20260930234111_ediel_prodat_canonical_response_facets.sql
[GRIDEX-REM-002 replay] applying /tmp/tmp.GTT6ru7Hzb/20260930234515_ediel_accepted_metering_method_watch_projection.sql
[GRIDEX-REM-002 replay] applying /tmp/tmp.GTT6ru7Hzb/20260930234708_ediel_normal_switch_signed_method_binding.sql
[GRIDEX-REM-002 replay] applying /tmp/tmp.GTT6ru7Hzb/20260930235044_ediel_method_watch_certification_source_kind.sql
[GRIDEX-REM-002 replay] applying /tmp/tmp.GTT6ru7Hzb/20260930235456_ediel_prodat_planned_response_mixed_predecessor_bridge.sql
[GRIDEX-REM-002 replay] applying /tmp/tmp.GTT6ru7Hzb/20260930235457_ediel_native_prodat_planned_response_authority.sql
[GRIDEX-REM-002 replay] applying /tmp/tmp.GTT6ru7Hzb/20260930235458_ediel_prodat_planned_response_mixed_consumer_restore.sql
[GRIDEX-REM-002 replay] applying /tmp/tmp.GTT6ru7Hzb/20260930235702_ediel_positive_ack_service_scope.sql
[GRIDEX-REM-002 replay] applying /tmp/tmp.GTT6ru7Hzb/20260930235816_ediel_service_permission_source_requested_method.sql
[GRIDEX-REM-002 replay] applying /tmp/tmp.GTT6ru7Hzb/20261001000147_ediel_prodat_response_v3_namespace_bridge.sql
[GRIDEX-REM-002 replay] applying /tmp/tmp.GTT6ru7Hzb/20261001000148_ediel_prodat_primary_full_object_capture_and_grant_lock.sql
[GRIDEX-REM-002 replay] applying /tmp/tmp.GTT6ru7Hzb/20261001000459_ediel_immutable_inbound_reception_response_requests.sql
[GRIDEX-REM-002 replay] applying /tmp/tmp.GTT6ru7Hzb/20261001000459_ediel_retention_migration_owner_prerequisite.sql
[GRIDEX-REM-002 replay] applying /tmp/tmp.GTT6ru7Hzb/20261001000460_ediel_retention_migration_schema_privileges.sql
[GRIDEX-REM-002 replay] applying /tmp/tmp.GTT6ru7Hzb/20261001000461_ediel_retention_public_owner_transfer_prerequisite.sql
[GRIDEX-REM-002 replay] applying /tmp/tmp.GTT6ru7Hzb/20261001000500_ediel_artifact_retention_decision_and_purge.sql
[GRIDEX-REM-002 replay] applying /tmp/tmp.GTT6ru7Hzb/20261001000600_ediel_registry_txt_preview_and_route_history.sql
[GRIDEX-REM-002 replay] applying /tmp/tmp.GTT6ru7Hzb/20261001000609_ediel_source_owned_temporary_transport_exceptions.sql
[GRIDEX-REM-002 replay] applying /tmp/tmp.GTT6ru7Hzb/20261001000610_ediel_customer_class_retention.sql
[GRIDEX-REM-002 replay] applying /tmp/tmp.GTT6ru7Hzb/20261001000699_ediel_retention_source_trigger_prerequisite.sql
[GRIDEX-REM-002 replay] applying /tmp/tmp.GTT6ru7Hzb/20261001000700_ediel_message_content_and_mime_retention.sql
[GRIDEX-REM-002 replay] applying /tmp/tmp.GTT6ru7Hzb/20261001000710_ediel_archived_tenant_retention_class_authority.sql
[GRIDEX-REM-002 replay] applying /tmp/tmp.GTT6ru7Hzb/20261001000926_ediel_service_evidence_archive_review.sql
[GRIDEX-REM-002 replay] applying /tmp/tmp.GTT6ru7Hzb/20261001001231_ediel_protected_dated_brp_source.sql
[GRIDEX-REM-002 replay] applying /tmp/tmp.GTT6ru7Hzb/20261001002413_ediel_inherited_err_mixed_predecessor_bridge.sql
[GRIDEX-REM-002 replay] applying /tmp/tmp.GTT6ru7Hzb/20261001002414_ediel_inherited_err_reason_guides.sql
[GRIDEX-REM-002 replay] applying /tmp/tmp.GTT6ru7Hzb/20261001002415_ediel_inherited_err_mixed_consumer_restore.sql
[GRIDEX-REM-002 replay] applying /tmp/tmp.GTT6ru7Hzb/20261001002444_ediel_prodat_positive_response_functional_parity.sql
[GRIDEX-REM-002 replay] applying /tmp/tmp.GTT6ru7Hzb/20261001002600_ediel_confirmed_customer_source_versions.sql
[GRIDEX-REM-002 replay] applying /tmp/tmp.GTT6ru7Hzb/20261001003642_ediel_ai_confirmed_customer_facet_history.sql
[GRIDEX-REM-002 replay] applying /tmp/tmp.GTT6ru7Hzb/20261001003657_ediel_received_err_application_response_authority.sql
[GRIDEX-REM-002 replay] applying /tmp/tmp.GTT6ru7Hzb/20261001003807_ediel_utilts_esco_pre_storage_scope.sql
[GRIDEX-REM-002 replay] applying /tmp/tmp.GTT6ru7Hzb/20261001004331_ediel_regulated_supply_ground_archive_review.sql
[GRIDEX-REM-002 replay] applying /tmp/tmp.GTT6ru7Hzb/20261001004953_ediel_current_company_permission_denies.sql
[GRIDEX-REM-002 replay] applying /tmp/tmp.GTT6ru7Hzb/20261001005707_ediel_received_err_original_witness_admission.sql
[GRIDEX-REM-002 replay] applying /tmp/tmp.GTT6ru7Hzb/20261001010230_ediel_utilts_lossless_transaction_reference_v2.sql
[GRIDEX-REM-002 replay] applying /tmp/tmp.GTT6ru7Hzb/20261001010321_ediel_complete_prodat_own_application_facets.sql
[GRIDEX-REM-002 replay] applying /tmp/tmp.GTT6ru7Hzb/20261001010530_ediel_customer_life_event_dated_projection.sql
[GRIDEX-REM-002 replay] applying /tmp/tmp.GTT6ru7Hzb/20261001010758_ediel_bilateral_customer_source_owner.sql
[GRIDEX-REM-002 replay] applying /tmp/tmp.GTT6ru7Hzb/20261001011232_ediel_partial_prodat_structural_owner_effects.sql
[GRIDEX-REM-002 replay] applying /tmp/tmp.GTT6ru7Hzb/20261001011248_ediel_switch_production_brp_source_binding.sql
[GRIDEX-REM-002 replay] applying /tmp/tmp.GTT6ru7Hzb/20261001012053_ediel_customer_life_event_dated_brp_source.sql
[GRIDEX-REM-002 replay] applying /tmp/tmp.GTT6ru7Hzb/20261001012305_ediel_customer_record_class_retention.sql
[GRIDEX-REM-002 replay] applying /tmp/tmp.GTT6ru7Hzb/20261001013034_ediel_bilateral_prodat_archived_profile_review.sql
[GRIDEX-REM-002 replay] applying /tmp/tmp.GTT6ru7Hzb/20261001013409_ediel_brp_own_application_effect_scope.sql
[GRIDEX-REM-002 replay] applying /tmp/tmp.GTT6ru7Hzb/20261001013700_ediel_prodat_structural_final_response_receipts.sql
[GRIDEX-REM-002 replay] applying /tmp/tmp.GTT6ru7Hzb/20261001013836_ediel_customer_first_register_scope.sql
[GRIDEX-REM-002 replay] applying /tmp/tmp.GTT6ru7Hzb/20261001014700_ediel_registered_customer_masterdata_source.sql
[GRIDEX-REM-002 replay] applying /tmp/tmp.GTT6ru7Hzb/20261001014726_ediel_customer_life_event_epoch_boundaries.sql
[GRIDEX-REM-002 replay] applying /tmp/tmp.GTT6ru7Hzb/20261001014735_ediel_protected_prodat_ack_raw_scope_replay_v2.sql
[GRIDEX-REM-002 replay] applying /tmp/tmp.GTT6ru7Hzb/20261001015127_ediel_utilts_foreign_issuer_observed_identity_authority.sql
[GRIDEX-REM-002 replay] applying /tmp/tmp.GTT6ru7Hzb/20261001015237_ediel_ai_applied_structure_history_fence.sql
[GRIDEX-REM-002 replay] applying /tmp/tmp.GTT6ru7Hzb/20261001015846_ediel_service_scope_grant_set_and_projection_entry.sql
[GRIDEX-REM-002 replay] applying /tmp/tmp.GTT6ru7Hzb/20261001015940_ediel_retention_workspace_scope.sql
[GRIDEX-REM-002 replay] applying /tmp/tmp.GTT6ru7Hzb/20261001015945_ediel_process_journal_class_retention.sql
[GRIDEX-REM-002 replay] applying /tmp/tmp.GTT6ru7Hzb/20261001020013_ediel_bilateral_positive_source_and_ack_authority_receipts.sql
[GRIDEX-REM-002 replay] applying /tmp/tmp.GTT6ru7Hzb/20261001020309_ediel_customer_life_event_scoped_patches.sql
[GRIDEX-REM-002 replay] applying /tmp/tmp.GTT6ru7Hzb/20261001020550_ediel_ai_purpose_source_owner.sql
[GRIDEX-REM-002 replay] applying /tmp/tmp.GTT6ru7Hzb/20261001020640_ediel_service_permission_manual_source_commands.sql
[GRIDEX-REM-002 replay] applying /tmp/tmp.GTT6ru7Hzb/20261001021408_ediel_ai_customer_epoch_source_projection.sql
[GRIDEX-REM-002 replay] applying /tmp/tmp.GTT6ru7Hzb/20261001021545_ediel_fresh_ack_native_envelope_authority.sql
[GRIDEX-REM-002 replay] applying /tmp/tmp.GTT6ru7Hzb/20261001021918_ediel_ack_bilateral_receipt_graph_lock_prefix.sql
[GRIDEX-REM-002 replay] applying /tmp/tmp.GTT6ru7Hzb/20261001022101_ediel_prodat_customer_primary_final_responses.sql
[GRIDEX-REM-002 replay] applying /tmp/tmp.GTT6ru7Hzb/20261001022426_ediel_blob_retention_review_reads.sql
[GRIDEX-REM-002 replay] applying /tmp/tmp.GTT6ru7Hzb/20261001022427_ediel_retention_public_owner_transfer_cleanup.sql
[GRIDEX-REM-002 replay] applying /tmp/tmp.GTT6ru7Hzb/20261001022500_ediel_beneficiary_projection_provenance_receipts.sql
[GRIDEX-REM-002 replay] applying /tmp/tmp.GTT6ru7Hzb/20261001022917_ediel_z02_native_actor_and_source_authority.sql
[GRIDEX-REM-002 replay] applying /tmp/tmp.GTT6ru7Hzb/20261001023248_ediel_bilateral_prodat_outbound_profile_original_owner.sql
[GRIDEX-REM-002 replay] applying /tmp/tmp.GTT6ru7Hzb/20261001023512_ediel_partial_customer_life_event_source_effects.sql
[GRIDEX-REM-002 replay] applying /tmp/tmp.GTT6ru7Hzb/20261001023514_ediel_network_registry_original_source_owner.sql
[GRIDEX-REM-002 replay] applying /tmp/tmp.GTT6ru7Hzb/20261001023824_ediel_fresh_business_incident_immutable_ack_origin.sql
[GRIDEX-REM-002 replay] applying /tmp/tmp.GTT6ru7Hzb/20261001025107_ediel_customer_masterdata_national_postal_shape.sql
[GRIDEX-REM-002 replay] applying /tmp/tmp.GTT6ru7Hzb/20261001025115_ediel_canonical_prodat_source_function_facets.sql
[GRIDEX-REM-002 replay] applying /tmp/tmp.GTT6ru7Hzb/20261001025642_ediel_retention_current_auth_owner_bridge.sql
[GRIDEX-REM-002 replay] applying /tmp/tmp.GTT6ru7Hzb/20261001025903_ediel_registry_zero_route_import_hold.sql
[GRIDEX-REM-002 replay] applying /tmp/tmp.GTT6ru7Hzb/20261001030500_ediel_customer_masterdata_actual_consumer_scope.sql
[GRIDEX-REM-002 replay] applying /tmp/tmp.GTT6ru7Hzb/20261001030524_ediel_customer_masterdata_fresh_transport_source.sql
[GRIDEX-REM-002 replay] applying /tmp/tmp.GTT6ru7Hzb/20261001030525_ediel_business_incident_current_read_workspace.sql
[GRIDEX-REM-002 replay] applying /tmp/tmp.GTT6ru7Hzb/20261001031053_ediel_bilateral_prodat_h_switch_preparation.sql
[GRIDEX-REM-002 replay] applying /tmp/tmp.GTT6ru7Hzb/20261001031103_ediel_blob_retention_read_only_history.sql
[GRIDEX-REM-002 replay] applying /tmp/tmp.GTT6ru7Hzb/20261001031233_ediel_registry_declared_route_source_fields.sql
[GRIDEX-REM-002 replay] applying /tmp/tmp.GTT6ru7Hzb/20261001031906_ediel_requested_change_method_watch_consumers.sql
[GRIDEX-REM-002 replay] applying /tmp/tmp.GTT6ru7Hzb/20261001032758_ediel_prodat_source_function_v5_namespace_bridge.sql
[GRIDEX-REM-002 replay] applying /tmp/tmp.GTT6ru7Hzb/20261001032759_ediel_prodat_combined_primary_v5_facets.sql
[GRIDEX-REM-002 replay] applying /tmp/tmp.GTT6ru7Hzb/20261001032813_ediel_committed_ack_qualified_tenant_read.sql
[GRIDEX-REM-002 replay] applying /tmp/tmp.GTT6ru7Hzb/20261001032824_ediel_independently_classified_customer_event_test_sources.sql
[GRIDEX-REM-002 replay] applying /tmp/tmp.GTT6ru7Hzb/20261001033759_ediel_customer_primary_response_commit_fence.sql
[GRIDEX-REM-002 replay] applying /tmp/tmp.GTT6ru7Hzb/20261001034855_ediel_prodat_aperak_unused_document_fields.sql
[GRIDEX-REM-002 replay] applying /tmp/tmp.GTT6ru7Hzb/20261001035402_ediel_beneficiary_receipt_read_before_write_replay.sql
[GRIDEX-REM-002 replay] applying /tmp/tmp.GTT6ru7Hzb/20261001035555_ediel_classified_customer_event_fixture_preparation.sql
[GRIDEX-REM-002 replay] applying /tmp/tmp.GTT6ru7Hzb/20261001040159_ediel_registry_market_source_isolation.sql
[GRIDEX-REM-002 replay] applying /tmp/tmp.GTT6ru7Hzb/20261001040236_ediel_prodat_combined_primary_v6_facets.sql
[GRIDEX-REM-002 replay] applying /tmp/tmp.GTT6ru7Hzb/20261001040445_ediel_registry_market_txt_prerequisite.sql
[GRIDEX-REM-002 replay] applying /tmp/tmp.GTT6ru7Hzb/20261001040446_ediel_current_registry_txt_source_parity.sql
[GRIDEX-REM-002 replay] applying /tmp/tmp.GTT6ru7Hzb/20261001041152_ediel_periodic_dgi_reason_source_review.sql
[GRIDEX-REM-002 replay] applying /tmp/tmp.GTT6ru7Hzb/20261001041436_ediel_service_evidence_source_permission_terms.sql
[GRIDEX-REM-002 replay] applying /tmp/tmp.GTT6ru7Hzb/20261001041455_ediel_prodat_aperak_fresh_transport_document_fields.sql
[GRIDEX-REM-002 replay] applying /tmp/tmp.GTT6ru7Hzb/20261001041631_ediel_customer_event_recovery_source_lineage.sql
[GRIDEX-REM-002 replay] applying /tmp/tmp.GTT6ru7Hzb/20261001042609_ediel_source_owned_z06f_reading_followup.sql
[GRIDEX-REM-002 replay] applying /tmp/tmp.GTT6ru7Hzb/20261001043233_ediel_supply_before_legal_alias_bridge_for_partition.sql
[GRIDEX-REM-002 replay] applying /tmp/tmp.GTT6ru7Hzb/20261001043234_ediel_prodat_supply_own_effect_partition.sql
[GRIDEX-REM-002 replay] applying /tmp/tmp.GTT6ru7Hzb/20261001043235_ediel_supply_before_legal_alias_bridge_restore.sql
[GRIDEX-REM-002 replay] applying /tmp/tmp.GTT6ru7Hzb/20261001043602_ediel_committed_domain_prodat_final_responses.sql
[GRIDEX-REM-002 replay] applying /tmp/tmp.GTT6ru7Hzb/20261001043917_ediel_service_source_network_period_timing.sql
[GRIDEX-REM-002 replay] applying /tmp/tmp.GTT6ru7Hzb/20261001044351_ediel_partial_permission_source_effects.sql
[GRIDEX-REM-002 replay] applying /tmp/tmp.GTT6ru7Hzb/20261001044856_ediel_source_profile_message_reference_bounds.sql
[GRIDEX-REM-002 replay] applying /tmp/tmp.GTT6ru7Hzb/20261001044958_ediel_reading_followup_observation_lock_order.sql
[GRIDEX-REM-002 replay] applying /tmp/tmp.GTT6ru7Hzb/20261001045349_ediel_ai_composed_customer_history_owners.sql
[GRIDEX-REM-002 replay] applying /tmp/tmp.GTT6ru7Hzb/20261001051410_ediel_utilts_persist_reading_followup_owner.sql
[GRIDEX-REM-002 replay] applying /tmp/tmp.GTT6ru7Hzb/20261001051413_ediel_utilts_aperak_dm_source_capacity.sql
[GRIDEX-REM-002 replay] applying /tmp/tmp.GTT6ru7Hzb/20261001052735_ediel_bilateral_prodat_own_supply_consumer.sql
[GRIDEX-REM-002 replay] applying /tmp/tmp.GTT6ru7Hzb/20261001053253_ediel_source_owned_unused_unh_elements.sql
[GRIDEX-REM-002 replay] applying /tmp/tmp.GTT6ru7Hzb/20261001053437_ediel_utilts_rejected_reference_diagnostic_v3.sql
[GRIDEX-REM-002 replay] applying /tmp/tmp.GTT6ru7Hzb/20261001053742_ediel_private_supply_activation_search_path.sql
[GRIDEX-REM-002 replay] applying /tmp/tmp.GTT6ru7Hzb/20261001053815_ediel_identityless_permission_register_scope.sql
[GRIDEX-REM-002 replay] applying /tmp/tmp.GTT6ru7Hzb/20261001054018_ediel_supply_end_followup_receipt_command.sql
[GRIDEX-REM-002 replay] applying /tmp/tmp.GTT6ru7Hzb/20261001054122_ediel_bilateral_customer_classification_owner_bridge.sql
[GRIDEX-REM-002 replay] applying /tmp/tmp.GTT6ru7Hzb/20261001055536_ediel_registry_ai_list_dispatch_source_alias.sql
[GRIDEX-REM-002 replay] applying /tmp/tmp.GTT6ru7Hzb/20261001055807_ediel_customer_event_recovery_fresh_transport_cohort.sql
[GRIDEX-REM-002 replay] applying /tmp/tmp.GTT6ru7Hzb/20261001060131_ediel_inbound_reception_actual_original_columns.sql
[GRIDEX-REM-002 replay] applying /tmp/tmp.GTT6ru7Hzb/20261001061029_ediel_prodat_recovery_execution_phase_authority.sql
[GRIDEX-REM-002 replay] applying /tmp/tmp.GTT6ru7Hzb/20261001061731_ediel_private_source_alias_catalog_path.sql
[GRIDEX-REM-002 replay] applying /tmp/tmp.GTT6ru7Hzb/20261001062831_ediel_service_context_timing_bridge_for_recovery_phase.sql
[GRIDEX-REM-002 replay] applying /tmp/tmp.GTT6ru7Hzb/20261001062832_ediel_service_origin_recovery_execution_phase.sql
[GRIDEX-REM-002 replay] applying /tmp/tmp.GTT6ru7Hzb/20261001062833_ediel_service_context_timing_bridge_restore.sql
[GRIDEX-REM-002 replay] applying /tmp/tmp.GTT6ru7Hzb/20261001063426_ediel_customer_owner_entry_lock_prefix.sql
[GRIDEX-REM-002 replay] applying /tmp/tmp.GTT6ru7Hzb/20261001064500_ediel_retention_decision_original_class_workflows.sql
[GRIDEX-REM-002 replay] applying /tmp/tmp.GTT6ru7Hzb/20261001065415_ediel_recovery_current_service_source_bridge.sql
[GRIDEX-REM-002 replay] applying /tmp/tmp.GTT6ru7Hzb/20261001070000_ediel_finance_copy_class_retention.sql
[GRIDEX-REM-002 replay] applying /tmp/tmp.GTT6ru7Hzb/20261001070121_ediel_classified_customer_execution_scope.sql
[GRIDEX-REM-002 replay] applying /tmp/tmp.GTT6ru7Hzb/20261001070700_ediel_finance_retention_decision_original_class.sql
[GRIDEX-REM-002 replay] applying /tmp/tmp.GTT6ru7Hzb/20261001071000_ediel_invoice_file_copy_class_retention.sql
[GRIDEX-REM-002 replay] applying /tmp/tmp.GTT6ru7Hzb/20261001071050_ediel_stable_finance_guard_identities.sql
[GRIDEX-REM-002 replay] applying /tmp/tmp.GTT6ru7Hzb/20261001071100_ediel_invoice_customer_document_locator_scope.sql
[GRIDEX-REM-002 replay] applying /tmp/tmp.GTT6ru7Hzb/20261001071200_ediel_finance_copy_closed_export_states.sql
[GRIDEX-REM-002 replay] applying /tmp/tmp.GTT6ru7Hzb/20261001071500_ediel_customer_invoice_retention_decision_original_classes.sql
[GRIDEX-REM-002 replay] applying /tmp/tmp.GTT6ru7Hzb/20261001081500_ediel_customer_classification_copy_retention.sql
[GRIDEX-REM-002 replay] applying /tmp/tmp.GTT6ru7Hzb/20261001081731_ediel_retention_grant_native_clock.sql
[GRIDEX-REM-002 replay] applying /tmp/tmp.GTT6ru7Hzb/20261001083000_ediel_contract_original_copy_retention.sql
[GRIDEX-REM-002 replay] applying /tmp/tmp.GTT6ru7Hzb/20261001083335_ediel_bilateral_prodat_owned_end_and_recorded_supply_currentness.sql
[GRIDEX-REM-002 replay] applying /tmp/tmp.GTT6ru7Hzb/20261001083359_ediel_prodat_object_batch_current_source_first_effect.sql
[GRIDEX-REM-002 replay] applying /tmp/tmp.GTT6ru7Hzb/20261001084106_ediel_requested_customer_change_source_owner.sql
[GRIDEX-REM-002 replay] applying /tmp/tmp.GTT6ru7Hzb/20261001084343_ediel_inbound_reception_canonical_permission.sql
[GRIDEX-REM-002 replay] applying /tmp/tmp.GTT6ru7Hzb/20261001085523_ediel_bilateral_prodat_closure_operation_and_matched_end.sql
[GRIDEX-REM-002 replay] applying /tmp/tmp.GTT6ru7Hzb/20261001092425_ediel_classified_customer_wallclock_source_qualification.sql
[GRIDEX-REM-002 replay] applying /tmp/tmp.GTT6ru7Hzb/20261001092522_ediel_ai_legal_technical_party_composition.sql
[GRIDEX-REM-002 replay] applying /tmp/tmp.GTT6ru7Hzb/20261001092757_ediel_completed_object_batch_read_after_retention.sql
[GRIDEX-REM-002 replay] applying /tmp/tmp.GTT6ru7Hzb/20261001092959_ediel_certification_basis_case_tuple_bridge_for_copy_retention.sql
[GRIDEX-REM-002 replay] applying /tmp/tmp.GTT6ru7Hzb/20261001093000_ediel_brp_certification_original_copy_retention.sql
[GRIDEX-REM-002 replay] applying /tmp/tmp.GTT6ru7Hzb/20261001093001_ediel_certification_basis_case_tuple_bridge_restore.sql
[GRIDEX-REM-002 replay] applying /tmp/tmp.GTT6ru7Hzb/20261001093425_ediel_national_supply_rescission_archived_mandate.sql
[GRIDEX-REM-002 replay] applying /tmp/tmp.GTT6ru7Hzb/20261001103438_ediel_recovery_current_execution_catalog_and_lock_order.sql
[GRIDEX-REM-002 replay] applying /tmp/tmp.GTT6ru7Hzb/20261001103439_ediel_registry_current_actor_source_guards.sql
[GRIDEX-REM-002 replay] applying /tmp/tmp.GTT6ru7Hzb/20261001103735_ediel_canonical_preparation_permission_catalog.sql
[GRIDEX-REM-002 replay] applying /tmp/tmp.GTT6ru7Hzb/20261001103744_ediel_signed_brp_source_authenticated_intake.sql
[GRIDEX-REM-002 replay] applying /tmp/tmp.GTT6ru7Hzb/20261001103832_ediel_contract_original_source_intake_atomic.sql
[GRIDEX-REM-002 replay] applying /tmp/tmp.GTT6ru7Hzb/20261001103902_ediel_signed_brp_intake_original_copy_retention.sql
[GRIDEX-REM-002 replay] applying /tmp/tmp.GTT6ru7Hzb/20261001110500_ediel_utilts_current_execution_actor.sql
[GRIDEX-REM-002 replay] applying /tmp/tmp.GTT6ru7Hzb/20261001112223_ediel_recovery_protected_ud_preparation.sql
[GRIDEX-REM-002 replay] applying /tmp/tmp.GTT6ru7Hzb/20261001112929_ediel_contract_source_intake_lock_order.sql
[GRIDEX-REM-002 replay] applying /tmp/tmp.GTT6ru7Hzb/20261001114500_ediel_national_supply_rescission_archived_mandate.sql
[GRIDEX-REM-002 replay] applying /tmp/tmp.GTT6ru7Hzb/20261001115000_ediel_national_supply_rescission_atomic_original_and_matched_end.sql
[GRIDEX-REM-002 replay] applying /tmp/tmp.GTT6ru7Hzb/20261001115100_ediel_supply_rescission_original_copy_retention.sql
[GRIDEX-REM-002 replay] applying /tmp/tmp.GTT6ru7Hzb/20261001115200_ediel_national_supply_rescission_business_watch.sql
[GRIDEX-REM-002 replay] applying /tmp/tmp.GTT6ru7Hzb/20261001121001_ediel_metering_method_recovery_current_source_bridge_replay_corrected.sql
[GRIDEX-REM-002 replay] applying /tmp/tmp.GTT6ru7Hzb/20261001124000_ediel_genuine_reception_duplicate_103_response_owner.sql
[GRIDEX-REM-002 replay] applying /tmp/tmp.GTT6ru7Hzb/20261001125000_ediel_current_permission_clock_and_business_ack_status_read.sql
[GRIDEX-REM-002 replay] applying /tmp/tmp.GTT6ru7Hzb/20261001134000_ediel_ack_scope_common_private_original_reader.sql
[GRIDEX-REM-002 replay] applying /tmp/tmp.GTT6ru7Hzb/20261001134500_ediel_ack_v1_incident_common_private_original_reader.sql
[GRIDEX-REM-002 replay] applying /tmp/tmp.GTT6ru7Hzb/20261001140000_ediel_inbound_prodat_physical_outcome_owner.sql
[GRIDEX-REM-002 replay] applying /tmp/tmp.GTT6ru7Hzb/20261001140500_ediel_prodat_recovery_physical_negative_scope.sql
[GRIDEX-REM-002 replay] applying /tmp/tmp.GTT6ru7Hzb/20261001141000_ediel_recovery_owned_missing_li_allocation.sql
[GRIDEX-REM-002 replay] applying /tmp/tmp.GTT6ru7Hzb/20261001141500_ediel_prodat_recovery_operator_read_port.sql
[GRIDEX-REM-002 replay] applying /tmp/tmp.GTT6ru7Hzb/20261001142000_ediel_supply_rescission_authenticated_intake.sql
[GRIDEX-REM-002 replay] applying /tmp/tmp.GTT6ru7Hzb/20261001142500_ediel_contract_brp_intake_terminal_current_authority.sql
[GRIDEX-REM-002 replay] applying /tmp/tmp.GTT6ru7Hzb/20261001142510_ediel_signed_brp_intake_terminal_current_authority.sql
[GRIDEX-REM-002 replay] external mode: NO ledger provenance. The CLI-owned official ledger is not reproduced and not verified; this run proves schema reconstruction only and must not be cited as canonical provenance.
[GRIDEX-REM-002 replay] schema fingerprint mismatch
expected=c70fa2f017f6ce3af3ff806d948f18b58a3c196e4bf94daa9304629a3926680c
actual=f90c177abeac7b8e8d3468f6d433e634b577299994aea05b7fb01013cd6bf618
